/*
 Navicat Premium Data Transfer

 Source Server         : 正式
 Source Server Type    : MySQL
 Source Server Version : 80031
 Source Host           : 10.15.245.1:13306
 Source Schema         : print

 Target Server Type    : MySQL
 Target Server Version : 80031
 File Encoding         : 65001

 Date: 31/05/2023 14:45:15
*/

SET NAMES utf8mb4;
SET FOREIGN_KEY_CHECKS = 0;

-- ----------------------------
-- Table structure for announcement
-- ----------------------------
DROP TABLE IF EXISTS `announcement`;
CREATE TABLE `announcement`  (
  `id` bigint NOT NULL,
  `content` text CHARACTER SET utf8mb4 COLLATE utf8mb4_0900_ai_ci NOT NULL COMMENT '公告内容',
  `label` varchar(10) CHARACTER SET utf8mb4 COLLATE utf8mb4_0900_ai_ci NOT NULL COMMENT '标签内容',
  `type` varchar(20) CHARACTER SET utf8mb4 COLLATE utf8mb4_0900_ai_ci NOT NULL COMMENT '标签颜色',
  `is_deleted` int NOT NULL DEFAULT 0 COMMENT '1为删除',
  `create_time` datetime NOT NULL,
  `update_time` datetime NOT NULL,
  PRIMARY KEY (`id`) USING BTREE
) ENGINE = InnoDB CHARACTER SET = utf8mb4 COLLATE = utf8mb4_0900_ai_ci ROW_FORMAT = Dynamic;

-- ----------------------------
-- Records of announcement
-- ----------------------------
INSERT INTO `announcement` VALUES (1, '测试公告', '消息', 'cyan', 0, '2023-05-23 12:54:36', '2023-05-23 12:54:39');
INSERT INTO `announcement` VALUES (2, '测试活动', '活动', 'orangered', 0, '2023-05-23 12:54:57', '2023-05-23 12:54:59');
INSERT INTO `announcement` VALUES (3, '测试通知', '通知', 'blue', 0, '2023-05-23 12:55:18', '2023-05-23 12:55:20');

-- ----------------------------
-- Table structure for classification
-- ----------------------------
DROP TABLE IF EXISTS `classification`;
CREATE TABLE `classification`  (
  `id` bigint NOT NULL COMMENT '分类业务id',
  `name` varchar(255) CHARACTER SET utf8mb4 COLLATE utf8mb4_0900_ai_ci NOT NULL COMMENT '分类名',
  `is_deleted` int NOT NULL COMMENT '假删除',
  PRIMARY KEY (`id`) USING BTREE
) ENGINE = InnoDB CHARACTER SET = utf8mb4 COLLATE = utf8mb4_0900_ai_ci ROW_FORMAT = Dynamic;

-- ----------------------------
-- Records of classification
-- ----------------------------

-- ----------------------------
-- Table structure for doc_notification
-- ----------------------------
DROP TABLE IF EXISTS `doc_notification`;
CREATE TABLE `doc_notification`  (
  `id` bigint NOT NULL COMMENT '业务id',
  `title` varchar(255) CHARACTER SET utf8mb4 COLLATE utf8mb4_0900_ai_ci NOT NULL COMMENT '文章标题',
  `type` int NOT NULL COMMENT '文章类型1：不急  2：一般  3：重要',
  `content` text CHARACTER SET utf8mb4 COLLATE utf8mb4_0900_ai_ci NULL COMMENT '基于md内容',
  `create_time` datetime NOT NULL,
  `update_time` datetime NOT NULL,
  `create_user` bigint NOT NULL COMMENT '谁创建的',
  `update_user` bigint NOT NULL COMMENT '谁最后编辑',
  `is_deleted` int NOT NULL COMMENT '假删除',
  `classification` bigint NULL DEFAULT NULL COMMENT '分类Id',
  `needPermission` int NULL DEFAULT NULL COMMENT '为空时谁都可见，然后其余则按权重进行判断',
  `password` varchar(255) CHARACTER SET utf8mb4 COLLATE utf8mb4_0900_ai_ci NULL DEFAULT NULL COMMENT '可选，访问密码，只对管理员以下有效',
  PRIMARY KEY (`id`) USING BTREE
) ENGINE = InnoDB CHARACTER SET = utf8mb4 COLLATE = utf8mb4_0900_ai_ci ROW_FORMAT = Dynamic;

-- ----------------------------
-- Records of doc_notification
-- ----------------------------

-- ----------------------------
-- Table structure for log
-- ----------------------------
DROP TABLE IF EXISTS `log`;
CREATE TABLE `log`  (
  `id` bigint NOT NULL,
  `user_id` bigint NOT NULL,
  `method` varchar(255) CHARACTER SET utf8mb4 COLLATE utf8mb4_0900_ai_ci NULL DEFAULT NULL,
  `params` varchar(1000) CHARACTER SET utf8mb4 COLLATE utf8mb4_0900_ai_ci NULL DEFAULT NULL,
  `ip` varchar(20) CHARACTER SET utf8mb4 COLLATE utf8mb4_0900_ai_ci NULL DEFAULT NULL,
  `create_time` datetime NULL DEFAULT NULL,
  `type` varchar(255) CHARACTER SET utf8mb4 COLLATE utf8mb4_0900_ai_ci NULL DEFAULT NULL,
  `model` text CHARACTER SET utf8mb4 COLLATE utf8mb4_0900_ai_ci NULL,
  `result` varchar(255) CHARACTER SET utf8mb4 COLLATE utf8mb4_0900_ai_ci NULL DEFAULT NULL,
  `description` varchar(255) CHARACTER SET utf8mb4 COLLATE utf8mb4_0900_ai_ci NULL DEFAULT NULL,
  `url` varchar(255) CHARACTER SET utf8mb4 COLLATE utf8mb4_0900_ai_ci NULL DEFAULT NULL,
  PRIMARY KEY (`id`) USING BTREE
) ENGINE = InnoDB CHARACTER SET = utf8mb4 COLLATE = utf8mb4_0900_ai_ci ROW_FORMAT = DYNAMIC;

-- ----------------------------
-- Records of log
-- ----------------------------
INSERT INTO `log` VALUES (1662372669726212097, 1659941852221624321, 'com.qc.printers.controller.UserController.info', NULL, '127.0.0.1', '2023-05-27 16:18:24', 'POST', 'UserResult(id=1659941852221624321, username=qc2003, name=邱成, phone=13986530159, sex=男, studentId=null, status=1, createTime=2023-05-20T23:19:12, updateTime=2023-05-20T23:19:12, permission=2, permissionName=用户, email=qc2003020403@163.com, avatar=http://10.15.245.1:9090/aistudio/12bcf28f4ffe497994a964889e7925d2.png)', NULL, NULL, '/api/user/info');
INSERT INTO `log` VALUES (1662381609549635585, 1659941852221624321, 'com.qc.printers.controller.UserController.info', NULL, '127.0.0.1', '2023-05-27 16:53:56', 'POST', 'UserResult(id=1659941852221624321, username=qc2003, name=邱成, phone=13986530159, sex=男, studentId=null, status=1, createTime=2023-05-20T23:19:12, updateTime=2023-05-20T23:19:12, permission=2, permissionName=用户, email=qc2003020403@163.com, avatar=http://10.15.245.1:9090/aistudio/12bcf28f4ffe497994a964889e7925d2.png)', NULL, NULL, '/api/user/info');
INSERT INTO `log` VALUES (1662381747760340994, 1659941852221624321, 'com.qc.printers.controller.UserController.info', NULL, '127.0.0.1', '2023-05-27 16:54:29', 'POST', 'UserResult(id=1659941852221624321, username=qc2003, name=邱成, phone=13986530159, sex=男, studentId=null, status=1, createTime=2023-05-20T23:19:12, updateTime=2023-05-20T23:19:12, permission=2, permissionName=用户, email=qc2003020403@163.com, avatar=http://10.15.245.1:9090/aistudio/12bcf28f4ffe497994a964889e7925d2.png)', NULL, NULL, '/api/user/info');
INSERT INTO `log` VALUES (1662381757285605378, 1659941852221624321, 'com.qc.printers.controller.UserController.info', NULL, '127.0.0.1', '2023-05-27 16:54:31', 'POST', 'UserResult(id=1659941852221624321, username=qc2003, name=邱成, phone=13986530159, sex=男, studentId=null, status=1, createTime=2023-05-20T23:19:12, updateTime=2023-05-20T23:19:12, permission=2, permissionName=用户, email=qc2003020403@163.com, avatar=http://10.15.245.1:9090/aistudio/12bcf28f4ffe497994a964889e7925d2.png)', NULL, NULL, '/api/user/info');
INSERT INTO `log` VALUES (1662381762297798657, 1659941852221624321, 'com.qc.printers.controller.UserController.info', NULL, '127.0.0.1', '2023-05-27 16:54:32', 'POST', 'UserResult(id=1659941852221624321, username=qc2003, name=邱成, phone=13986530159, sex=男, studentId=null, status=1, createTime=2023-05-20T23:19:12, updateTime=2023-05-20T23:19:12, permission=2, permissionName=用户, email=qc2003020403@163.com, avatar=http://10.15.245.1:9090/aistudio/12bcf28f4ffe497994a964889e7925d2.png)', NULL, NULL, '/api/user/info');
INSERT INTO `log` VALUES (1662381780924702721, 1659941852221624321, 'com.qc.printers.controller.UserController.info', NULL, '127.0.0.1', '2023-05-27 16:54:37', 'POST', 'UserResult(id=1659941852221624321, username=qc2003, name=邱成, phone=13986530159, sex=男, studentId=null, status=1, createTime=2023-05-20T23:19:12, updateTime=2023-05-20T23:19:12, permission=2, permissionName=用户, email=qc2003020403@163.com, avatar=http://10.15.245.1:9090/aistudio/12bcf28f4ffe497994a964889e7925d2.png)', NULL, NULL, '/api/user/info');
INSERT INTO `log` VALUES (1662383480955822081, 1659939726386827265, 'com.qc.printers.controller.UserController.info', NULL, '127.0.0.1', '2023-05-27 17:01:22', 'POST', 'UserResult(id=1659939726386827265, username=admin, name=admin, phone=13986530157, sex=男, studentId=null, status=1, createTime=2023-05-20T23:10:46, updateTime=2023-05-20T23:10:46, permission=10, permissionName=系统管理员, email=qc2003020401@163.com, avatar=http://10.15.245.1:9090/aistudio/18e956a8440341e3945bfb405953a396.png)', NULL, NULL, '/api/user/info');
INSERT INTO `log` VALUES (1662383514434756609, 1659939726386827265, 'com.qc.printers.controller.UserController.info', NULL, '127.0.0.1', '2023-05-27 17:01:30', 'POST', 'UserResult(id=1659939726386827265, username=admin, name=admin, phone=13986530157, sex=男, studentId=null, status=1, createTime=2023-05-20T23:10:46, updateTime=2023-05-20T23:10:46, permission=10, permissionName=系统管理员, email=qc2003020401@163.com, avatar=http://10.15.245.1:9090/aistudio/18e956a8440341e3945bfb405953a396.png)', NULL, NULL, '/api/user/info');
INSERT INTO `log` VALUES (1662383545376137218, 1659939726386827265, 'com.qc.printers.controller.UserController.info', NULL, '127.0.0.1', '2023-05-27 17:01:37', 'POST', 'UserResult(id=1659939726386827265, username=admin, name=admin, phone=13986530157, sex=男, studentId=null, status=1, createTime=2023-05-20T23:10:46, updateTime=2023-05-20T23:10:46, permission=10, permissionName=系统管理员, email=qc2003020401@163.com, avatar=http://10.15.245.1:9090/aistudio/18e956a8440341e3945bfb405953a396.png)', NULL, NULL, '/api/user/info');
INSERT INTO `log` VALUES (1662383687714037761, 1659939726386827265, 'com.qc.printers.controller.UserController.info', NULL, '127.0.0.1', '2023-05-27 17:02:11', 'POST', 'UserResult(id=1659939726386827265, username=admin, name=admin, phone=13986530157, sex=男, studentId=null, status=1, createTime=2023-05-20T23:10:46, updateTime=2023-05-20T23:10:46, permission=10, permissionName=系统管理员, email=qc2003020401@163.com, avatar=http://10.15.245.1:9090/aistudio/18e956a8440341e3945bfb405953a396.png)', NULL, NULL, '/api/user/info');
INSERT INTO `log` VALUES (1662383830622351362, 1659939726386827265, 'com.qc.printers.controller.UserController.info', NULL, '127.0.0.1', '2023-05-27 17:02:45', 'POST', 'UserResult(id=1659939726386827265, username=admin, name=admin, phone=13986530157, sex=男, studentId=null, status=1, createTime=2023-05-20T23:10:46, updateTime=2023-05-20T23:10:46, permission=10, permissionName=系统管理员, email=qc2003020401@163.com, avatar=http://10.15.245.1:9090/aistudio/18e956a8440341e3945bfb405953a396.png)', NULL, NULL, '/api/user/info');
INSERT INTO `log` VALUES (1662383863019155457, 1659939726386827265, 'com.qc.printers.controller.UserController.info', NULL, '127.0.0.1', '2023-05-27 17:02:53', 'POST', 'UserResult(id=1659939726386827265, username=admin, name=admin, phone=13986530157, sex=男, studentId=null, status=1, createTime=2023-05-20T23:10:46, updateTime=2023-05-20T23:10:46, permission=10, permissionName=系统管理员, email=qc2003020401@163.com, avatar=http://10.15.245.1:9090/aistudio/18e956a8440341e3945bfb405953a396.png)', NULL, NULL, '/api/user/info');
INSERT INTO `log` VALUES (1662384383553253378, 1659939726386827265, 'com.qc.printers.controller.UserController.info', NULL, '127.0.0.1', '2023-05-27 17:04:57', 'POST', 'UserResult(id=1659939726386827265, username=admin, name=admin, phone=13986530157, sex=男, studentId=null, status=1, createTime=2023-05-20T23:10:46, updateTime=2023-05-20T23:10:46, permission=10, permissionName=系统管理员, email=qc2003020401@163.com, avatar=http://10.15.245.1:9090/aistudio/18e956a8440341e3945bfb405953a396.png)', NULL, NULL, '/api/user/info');
INSERT INTO `log` VALUES (1662384536561446914, 1659939726386827265, 'com.qc.printers.controller.UserController.info', NULL, '127.0.0.1', '2023-05-27 17:05:34', 'POST', 'UserResult(id=1659939726386827265, username=admin, name=admin, phone=13986530157, sex=男, studentId=null, status=1, createTime=2023-05-20T23:10:46, updateTime=2023-05-20T23:10:46, permission=10, permissionName=系统管理员, email=qc2003020401@163.com, avatar=http://10.15.245.1:9090/aistudio/18e956a8440341e3945bfb405953a396.png)', NULL, NULL, '/api/user/info');
INSERT INTO `log` VALUES (1662386176504950785, 1659939726386827265, 'com.qc.printers.controller.UserController.info', NULL, '127.0.0.1', '2023-05-27 17:12:05', 'POST', 'UserResult(id=1659939726386827265, username=admin, name=admin, phone=13986530157, sex=男, studentId=null, status=1, createTime=2023-05-20T23:10:46, updateTime=2023-05-20T23:10:46, permission=10, permissionName=系统管理员, email=qc2003020401@163.com, avatar=http://10.15.245.1:9090/aistudio/18e956a8440341e3945bfb405953a396.png)', NULL, NULL, '/api/user/info');
INSERT INTO `log` VALUES (1662386252774174721, 1659939726386827265, 'com.qc.printers.controller.UserController.info', NULL, '127.0.0.1', '2023-05-27 17:12:23', 'POST', 'UserResult(id=1659939726386827265, username=admin, name=admin, phone=13986530157, sex=男, studentId=null, status=1, createTime=2023-05-20T23:10:46, updateTime=2023-05-20T23:10:46, permission=10, permissionName=系统管理员, email=qc2003020401@163.com, avatar=http://10.15.245.1:9090/aistudio/18e956a8440341e3945bfb405953a396.png)', NULL, NULL, '/api/user/info');
INSERT INTO `log` VALUES (1662386254015688706, 1659939726386827265, 'com.qc.printers.controller.PrintController.getTodayPrintCount', NULL, '127.0.0.1', '2023-05-27 17:12:23', 'GET', '0', NULL, NULL, '/api/printer/day_print_count');
INSERT INTO `log` VALUES (1662386373054230529, 1659939726386827265, 'com.qc.printers.controller.UserController.info', NULL, '127.0.0.1', '2023-05-27 17:12:52', 'POST', 'UserResult(id=1659939726386827265, username=admin, name=admin, phone=13986530157, sex=男, studentId=null, status=1, createTime=2023-05-20T23:10:46, updateTime=2023-05-20T23:10:46, permission=10, permissionName=系统管理员, email=qc2003020401@163.com, avatar=http://10.15.245.1:9090/aistudio/18e956a8440341e3945bfb405953a396.png)', NULL, NULL, '/api/user/info');
INSERT INTO `log` VALUES (1662386382915039234, 1659939726386827265, 'com.qc.printers.controller.PrintController.getTodayPrintCount', NULL, '127.0.0.1', '2023-05-27 17:12:54', 'GET', '0', NULL, NULL, '/api/printer/day_print_count');
INSERT INTO `log` VALUES (1662386479199531010, 1659939726386827265, 'com.qc.printers.controller.UserController.info', NULL, '127.0.0.1', '2023-05-27 17:13:17', 'POST', 'UserResult(id=1659939726386827265, username=admin, name=admin, phone=13986530157, sex=男, studentId=null, status=1, createTime=2023-05-20T23:10:46, updateTime=2023-05-20T23:10:46, permission=10, permissionName=系统管理员, email=qc2003020401@163.com, avatar=http://10.15.245.1:9090/aistudio/18e956a8440341e3945bfb405953a396.png)', NULL, NULL, '/api/user/info');
INSERT INTO `log` VALUES (1662386480269078529, 1659939726386827265, 'com.qc.printers.controller.PrintController.getTodayPrintCount', NULL, '127.0.0.1', '2023-05-27 17:13:17', 'GET', '0', NULL, NULL, '/api/printer/day_print_count');
INSERT INTO `log` VALUES (1662386486971576321, 1659939726386827265, 'com.qc.printers.controller.UserController.info', NULL, '127.0.0.1', '2023-05-27 17:13:19', 'POST', 'UserResult(id=1659939726386827265, username=admin, name=admin, phone=13986530157, sex=男, studentId=null, status=1, createTime=2023-05-20T23:10:46, updateTime=2023-05-20T23:10:46, permission=10, permissionName=系统管理员, email=qc2003020401@163.com, avatar=http://10.15.245.1:9090/aistudio/18e956a8440341e3945bfb405953a396.png)', NULL, NULL, '/api/user/info');
INSERT INTO `log` VALUES (1662386487823020034, 1659939726386827265, 'com.qc.printers.controller.PrintController.getTodayPrintCount', NULL, '127.0.0.1', '2023-05-27 17:13:19', 'GET', '0', NULL, NULL, '/api/printer/day_print_count');
INSERT INTO `log` VALUES (1662386647554699265, 1659939726386827265, 'com.qc.printers.controller.UserController.info', NULL, '127.0.0.1', '2023-05-27 17:13:57', 'POST', 'UserResult(id=1659939726386827265, username=admin, name=admin, phone=13986530157, sex=男, studentId=null, status=1, createTime=2023-05-20T23:10:46, updateTime=2023-05-20T23:10:46, permission=10, permissionName=系统管理员, email=qc2003020401@163.com, avatar=http://10.15.245.1:9090/aistudio/18e956a8440341e3945bfb405953a396.png)', NULL, NULL, '/api/user/info');
INSERT INTO `log` VALUES (1662386648473251842, 1659939726386827265, 'com.qc.printers.controller.PrintController.getTodayPrintCount', NULL, '127.0.0.1', '2023-05-27 17:13:57', 'GET', '1', NULL, NULL, '/api/printer/day_print_count');
INSERT INTO `log` VALUES (1662386660741591042, 1659939726386827265, 'com.qc.printers.controller.UserController.info', NULL, '127.0.0.1', '2023-05-27 17:14:00', 'POST', 'UserResult(id=1659939726386827265, username=admin, name=admin, phone=13986530157, sex=男, studentId=null, status=1, createTime=2023-05-20T23:10:46, updateTime=2023-05-20T23:10:46, permission=10, permissionName=系统管理员, email=qc2003020401@163.com, avatar=http://10.15.245.1:9090/aistudio/18e956a8440341e3945bfb405953a396.png)', NULL, NULL, '/api/user/info');
INSERT INTO `log` VALUES (1662386661664337921, 1659939726386827265, 'com.qc.printers.controller.PrintController.getTodayPrintCount', NULL, '127.0.0.1', '2023-05-27 17:14:00', 'GET', '1', NULL, NULL, '/api/printer/day_print_count');
INSERT INTO `log` VALUES (1662388870414118914, 1659939726386827265, 'com.qc.printers.controller.PrintController.getTodayPrintCount', NULL, '127.0.0.1', '2023-05-27 17:22:47', 'GET', '1', NULL, NULL, '/api/printer/day_print_count');
INSERT INTO `log` VALUES (1662388870539948034, 1659939726386827265, 'com.qc.printers.controller.PrintController.getTodayPrintCount', NULL, '127.0.0.1', '2023-05-27 17:22:47', 'GET', '1', NULL, NULL, '/api/printer/day_print_count');
INSERT INTO `log` VALUES (1662388932745670658, 1659939726386827265, 'com.qc.printers.controller.UserController.info', NULL, '127.0.0.1', '2023-05-27 17:23:02', 'POST', 'UserResult(id=1659939726386827265, username=admin, name=admin, phone=13986530157, sex=男, studentId=null, status=1, createTime=2023-05-20T23:10:46, updateTime=2023-05-20T23:10:46, permission=10, permissionName=系统管理员, email=qc2003020401@163.com, avatar=http://10.15.245.1:9090/aistudio/18e956a8440341e3945bfb405953a396.png)', NULL, NULL, '/api/user/info');
INSERT INTO `log` VALUES (1662388940773568513, 1659939726386827265, 'com.qc.printers.controller.PrintController.getTodayPrintCount', NULL, '127.0.0.1', '2023-05-27 17:23:04', 'GET', '1', NULL, NULL, '/api/printer/day_print_count');
INSERT INTO `log` VALUES (1662389195711733762, 1659939726386827265, 'com.qc.printers.controller.UserController.info', NULL, '127.0.0.1', '2023-05-27 17:24:05', 'POST', 'UserResult(id=1659939726386827265, username=admin, name=admin, phone=13986530157, sex=男, studentId=null, status=1, createTime=2023-05-20T23:10:46, updateTime=2023-05-20T23:10:46, permission=10, permissionName=系统管理员, email=qc2003020401@163.com, avatar=http://10.15.245.1:9090/aistudio/18e956a8440341e3945bfb405953a396.png)', NULL, NULL, '/api/user/info');
INSERT INTO `log` VALUES (1662389196634480642, 1659939726386827265, 'com.qc.printers.controller.PrintController.getTodayPrintCount', NULL, '127.0.0.1', '2023-05-27 17:24:05', 'GET', '1', NULL, NULL, '/api/printer/day_print_count');
INSERT INTO `log` VALUES (1662389858294378498, 1659939726386827265, 'com.qc.printers.controller.PrintController.getTodayPrintCount', NULL, '127.0.0.1', '2023-05-27 17:26:43', 'GET', '1', NULL, NULL, '/api/printer/day_print_count');
INSERT INTO `log` VALUES (1662390375561113601, 1659939726386827265, 'com.qc.printers.controller.UserController.info', NULL, '127.0.0.1', '2023-05-27 17:28:46', 'POST', 'UserResult(id=1659939726386827265, username=admin, name=admin, phone=13986530157, sex=男, studentId=null, status=1, createTime=2023-05-20T23:10:46, updateTime=2023-05-20T23:10:46, permission=10, permissionName=系统管理员, email=qc2003020401@163.com, avatar=http://10.15.245.1:9090/aistudio/18e956a8440341e3945bfb405953a396.png)', NULL, NULL, '/api/user/info');
INSERT INTO `log` VALUES (1662390384604033025, 1659939726386827265, 'com.qc.printers.controller.PrintController.getTodayPrintCount', NULL, '127.0.0.1', '2023-05-27 17:28:48', 'GET', '1', NULL, NULL, '/api/printer/day_print_count');
INSERT INTO `log` VALUES (1662390584282263554, 1659939726386827265, 'com.qc.printers.controller.PrintController.getTodayPrintCount', NULL, '127.0.0.1', '2023-05-27 17:29:36', 'GET', '1', NULL, NULL, '/api/printer/day_print_count');
INSERT INTO `log` VALUES (1662390597339131905, 1659939726386827265, 'com.qc.printers.controller.UserController.info', NULL, '127.0.0.1', '2023-05-27 17:29:39', 'POST', 'UserResult(id=1659939726386827265, username=admin, name=admin, phone=13986530157, sex=男, studentId=null, status=1, createTime=2023-05-20T23:10:46, updateTime=2023-05-20T23:10:46, permission=10, permissionName=系统管理员, email=qc2003020401@163.com, avatar=http://10.15.245.1:9090/aistudio/18e956a8440341e3945bfb405953a396.png)', NULL, NULL, '/api/user/info');
INSERT INTO `log` VALUES (1662390605413167106, 1659939726386827265, 'com.qc.printers.controller.PrintController.getTodayPrintCount', NULL, '127.0.0.1', '2023-05-27 17:29:41', 'GET', '1', NULL, NULL, '/api/printer/day_print_count');
INSERT INTO `log` VALUES (1662391180661960705, 1659939726386827265, 'com.qc.printers.controller.UserController.info', NULL, '127.0.0.1', '2023-05-27 17:31:58', 'POST', 'UserResult(id=1659939726386827265, username=admin, name=admin, phone=13986530157, sex=男, studentId=null, status=1, createTime=2023-05-20T23:10:46, updateTime=2023-05-20T23:10:46, permission=10, permissionName=系统管理员, email=qc2003020401@163.com, avatar=http://10.15.245.1:9090/aistudio/18e956a8440341e3945bfb405953a396.png)', NULL, NULL, '/api/user/info');
INSERT INTO `log` VALUES (1662391191122554881, 1659939726386827265, 'com.qc.printers.controller.PrintController.getTodayPrintCount', NULL, '127.0.0.1', '2023-05-27 17:32:00', 'GET', '1', NULL, NULL, '/api/printer/day_print_count');
INSERT INTO `log` VALUES (1662391921434767361, 1659939726386827265, 'com.qc.printers.controller.UserController.info', NULL, '127.0.0.1', '2023-05-27 17:34:54', 'POST', 'UserResult(id=1659939726386827265, username=admin, name=admin, phone=13986530157, sex=男, studentId=null, status=1, createTime=2023-05-20T23:10:46, updateTime=2023-05-20T23:10:46, permission=10, permissionName=系统管理员, email=qc2003020401@163.com, avatar=http://10.15.245.1:9090/aistudio/18e956a8440341e3945bfb405953a396.png)', NULL, NULL, '/api/user/info');
INSERT INTO `log` VALUES (1662391929785626625, 1659939726386827265, 'com.qc.printers.controller.PrintController.getTodayPrintCount', NULL, '127.0.0.1', '2023-05-27 17:34:56', 'GET', '1', NULL, NULL, '/api/printer/day_print_count');
INSERT INTO `log` VALUES (1662392717555609602, 1659939726386827265, 'com.qc.printers.controller.UserController.info', NULL, '127.0.0.1', '2023-05-27 17:38:04', 'POST', 'UserResult(id=1659939726386827265, username=admin, name=admin, phone=13986530157, sex=男, studentId=null, status=1, createTime=2023-05-20T23:10:46, updateTime=2023-05-20T23:10:46, permission=10, permissionName=系统管理员, email=qc2003020401@163.com, avatar=http://10.15.245.1:9090/aistudio/18e956a8440341e3945bfb405953a396.png)', NULL, NULL, '/api/user/info');
INSERT INTO `log` VALUES (1662392725667393537, 1659939726386827265, 'com.qc.printers.controller.PrintController.getTodayPrintCount', NULL, '127.0.0.1', '2023-05-27 17:38:06', 'GET', '1', NULL, NULL, '/api/printer/day_print_count');
INSERT INTO `log` VALUES (1662396992981643266, 1659939726386827265, 'com.qc.printers.controller.UserController.info', NULL, '127.0.0.1', '2023-05-27 17:55:04', 'POST', 'UserResult(id=1659939726386827265, username=admin, name=admin, phone=13986530157, sex=男, studentId=null, status=1, createTime=2023-05-20T23:10:46, updateTime=2023-05-20T23:10:46, permission=10, permissionName=系统管理员, email=qc2003020401@163.com, avatar=http://10.15.245.1:9090/aistudio/18e956a8440341e3945bfb405953a396.png)', NULL, NULL, '/api/user/info');
INSERT INTO `log` VALUES (1662396994218962945, 1659939726386827265, 'com.qc.printers.controller.PrintController.getTodayPrintCount', NULL, '127.0.0.1', '2023-05-27 17:55:04', 'GET', '1', NULL, NULL, '/api/printer/day_print_count');
INSERT INTO `log` VALUES (1662397837144043521, 1659939726386827265, 'com.qc.printers.controller.PrintController.getTodayPrintCount', NULL, '127.0.0.1', '2023-05-27 17:58:25', 'GET', '1', NULL, NULL, '/api/printer/day_print_count');
INSERT INTO `log` VALUES (1662398546392461313, 1659939726386827265, 'com.qc.printers.controller.UserController.info', NULL, '127.0.0.1', '2023-05-27 18:01:14', 'POST', 'UserResult(id=1659939726386827265, username=admin, name=admin, phone=13986530157, sex=男, studentId=null, status=1, createTime=2023-05-20T23:10:46, updateTime=2023-05-20T23:10:46, permission=10, permissionName=系统管理员, email=qc2003020401@163.com, avatar=http://10.15.245.1:9090/aistudio/18e956a8440341e3945bfb405953a396.png)', NULL, NULL, '/api/user/info');
INSERT INTO `log` VALUES (1662398554944647169, 1659939726386827265, 'com.qc.printers.controller.PrintController.getTodayPrintCount', NULL, '127.0.0.1', '2023-05-27 18:01:16', 'GET', '1', NULL, NULL, '/api/printer/day_print_count');
INSERT INTO `log` VALUES (1662398635978600449, 1659939726386827265, 'com.qc.printers.controller.UserController.info', NULL, '127.0.0.1', '2023-05-27 18:01:35', 'POST', 'UserResult(id=1659939726386827265, username=admin, name=admin, phone=13986530157, sex=男, studentId=null, status=1, createTime=2023-05-20T23:10:46, updateTime=2023-05-20T23:10:46, permission=10, permissionName=系统管理员, email=qc2003020401@163.com, avatar=http://10.15.245.1:9090/aistudio/18e956a8440341e3945bfb405953a396.png)', NULL, NULL, '/api/user/info');
INSERT INTO `log` VALUES (1662398649844969473, 1659939726386827265, 'com.qc.printers.controller.PrintController.getTodayPrintCount', NULL, '127.0.0.1', '2023-05-27 18:01:39', 'GET', '1', NULL, NULL, '/api/printer/day_print_count');
INSERT INTO `log` VALUES (1662399176553082882, 1659939726386827265, 'com.qc.printers.controller.PrintController.getTodayPrintCount', NULL, '127.0.0.1', '2023-05-27 18:03:44', 'GET', '1', NULL, NULL, '/api/printer/day_print_count');
INSERT INTO `log` VALUES (1662400317479268353, 1659939726386827265, 'com.qc.printers.controller.UserController.info', NULL, '127.0.0.1', '2023-05-27 18:08:16', 'POST', 'UserResult(id=1659939726386827265, username=admin, name=admin, phone=13986530157, sex=男, studentId=null, status=1, createTime=2023-05-20T23:10:46, updateTime=2023-05-20T23:10:46, permission=10, permissionName=系统管理员, email=qc2003020401@163.com, avatar=http://10.15.245.1:9090/aistudio/18e956a8440341e3945bfb405953a396.png)', NULL, NULL, '/api/user/info');
INSERT INTO `log` VALUES (1662400408185286657, 1659939726386827265, 'com.qc.printers.controller.UserController.info', NULL, '127.0.0.1', '2023-05-27 18:08:38', 'POST', 'UserResult(id=1659939726386827265, username=admin, name=admin, phone=13986530157, sex=男, studentId=null, status=1, createTime=2023-05-20T23:10:46, updateTime=2023-05-20T23:10:46, permission=10, permissionName=系统管理员, email=qc2003020401@163.com, avatar=http://10.15.245.1:9090/aistudio/18e956a8440341e3945bfb405953a396.png)', NULL, NULL, '/api/user/info');
INSERT INTO `log` VALUES (1662400414829064193, 1659939726386827265, 'com.qc.printers.controller.UserController.info', NULL, '127.0.0.1', '2023-05-27 18:08:39', 'POST', 'UserResult(id=1659939726386827265, username=admin, name=admin, phone=13986530157, sex=男, studentId=null, status=1, createTime=2023-05-20T23:10:46, updateTime=2023-05-20T23:10:46, permission=10, permissionName=系统管理员, email=qc2003020401@163.com, avatar=http://10.15.245.1:9090/aistudio/18e956a8440341e3945bfb405953a396.png)', NULL, NULL, '/api/user/info');
INSERT INTO `log` VALUES (1662400526686957570, 1659939726386827265, 'com.qc.printers.controller.UserController.info', NULL, '127.0.0.1', '2023-05-27 18:09:06', 'POST', 'UserResult(id=1659939726386827265, username=admin, name=admin, phone=13986530157, sex=男, studentId=null, status=1, createTime=2023-05-20T23:10:46, updateTime=2023-05-20T23:10:46, permission=10, permissionName=系统管理员, email=qc2003020401@163.com, avatar=http://10.15.245.1:9090/aistudio/18e956a8440341e3945bfb405953a396.png)', NULL, NULL, '/api/user/info');
INSERT INTO `log` VALUES (1662400842752929794, 1659939726386827265, 'com.qc.printers.controller.UserController.info', NULL, '127.0.0.1', '2023-05-27 18:10:21', 'POST', 'UserResult(id=1659939726386827265, username=admin, name=admin, phone=13986530157, sex=男, studentId=null, status=1, createTime=2023-05-20T23:10:46, updateTime=2023-05-20T23:10:46, permission=10, permissionName=系统管理员, email=qc2003020401@163.com, avatar=http://10.15.245.1:9090/aistudio/18e956a8440341e3945bfb405953a396.png)', NULL, NULL, '/api/user/info');
INSERT INTO `log` VALUES (1662400860507418626, 1659939726386827265, 'com.qc.printers.controller.PrintController.getTodayPrintCount', NULL, '127.0.0.1', '2023-05-27 18:10:26', 'GET', '1', NULL, NULL, '/api/printer/day_print_count');
INSERT INTO `log` VALUES (1662401260656603138, 1659939726386827265, 'com.qc.printers.controller.UserController.info', NULL, '127.0.0.1', '2023-05-27 18:12:01', 'POST', 'UserResult(id=1659939726386827265, username=admin, name=admin, phone=13986530157, sex=男, studentId=null, status=1, createTime=2023-05-20T23:10:46, updateTime=2023-05-20T23:10:46, permission=10, permissionName=系统管理员, email=qc2003020401@163.com, avatar=http://10.15.245.1:9090/aistudio/18e956a8440341e3945bfb405953a396.png)', NULL, NULL, '/api/user/info');
INSERT INTO `log` VALUES (1662403429879328770, 1659939726386827265, 'com.qc.printers.controller.UserController.info', NULL, '127.0.0.1', '2023-05-27 18:20:38', 'POST', 'UserResult(id=1659939726386827265, username=admin, name=admin, phone=13986530157, sex=男, studentId=null, status=1, createTime=2023-05-20T23:10:46, updateTime=2023-05-20T23:10:46, permission=10, permissionName=系统管理员, email=qc2003020401@163.com, avatar=http://10.15.245.1:9090/aistudio/18e956a8440341e3945bfb405953a396.png)', NULL, NULL, '/api/user/info');
INSERT INTO `log` VALUES (1662404560856625154, 1659939726386827265, 'com.qc.printers.controller.UserController.info', NULL, '127.0.0.1', '2023-05-27 18:25:08', 'POST', 'UserResult(id=1659939726386827265, username=admin, name=admin, phone=13986530157, sex=男, studentId=null, status=1, createTime=2023-05-20T23:10:46, updateTime=2023-05-20T23:10:46, permission=10, permissionName=系统管理员, email=qc2003020401@163.com, avatar=http://10.15.245.1:9090/aistudio/18e956a8440341e3945bfb405953a396.png)', NULL, NULL, '/api/user/info');
INSERT INTO `log` VALUES (1662404722362494978, 1659939726386827265, 'com.qc.printers.controller.UserController.info', NULL, '127.0.0.1', '2023-05-27 18:25:46', 'POST', 'UserResult(id=1659939726386827265, username=admin, name=admin, phone=13986530157, sex=男, studentId=null, status=1, createTime=2023-05-20T23:10:46, updateTime=2023-05-20T23:10:46, permission=10, permissionName=系统管理员, email=qc2003020401@163.com, avatar=http://10.15.245.1:9090/aistudio/18e956a8440341e3945bfb405953a396.png)', NULL, NULL, '/api/user/info');
INSERT INTO `log` VALUES (1662404807150350337, 1659939726386827265, 'com.qc.printers.controller.UserController.info', NULL, '127.0.0.1', '2023-05-27 18:26:07', 'POST', 'UserResult(id=1659939726386827265, username=admin, name=admin, phone=13986530157, sex=男, studentId=null, status=1, createTime=2023-05-20T23:10:46, updateTime=2023-05-20T23:10:46, permission=10, permissionName=系统管理员, email=qc2003020401@163.com, avatar=http://10.15.245.1:9090/aistudio/18e956a8440341e3945bfb405953a396.png)', NULL, NULL, '/api/user/info');
INSERT INTO `log` VALUES (1662405161187356674, 1659939726386827265, 'com.qc.printers.controller.UserController.info', NULL, '127.0.0.1', '2023-05-27 18:27:31', 'POST', 'UserResult(id=1659939726386827265, username=admin, name=admin, phone=13986530157, sex=男, studentId=null, status=1, createTime=2023-05-20T23:10:46, updateTime=2023-05-20T23:10:46, permission=10, permissionName=系统管理员, email=qc2003020401@163.com, avatar=http://10.15.245.1:9090/aistudio/18e956a8440341e3945bfb405953a396.png)', NULL, NULL, '/api/user/info');
INSERT INTO `log` VALUES (1662405564679401473, 1659939726386827265, 'com.qc.printers.controller.UserController.info', NULL, '127.0.0.1', '2023-05-27 18:29:07', 'POST', 'UserResult(id=1659939726386827265, username=admin, name=admin, phone=13986530157, sex=男, studentId=null, status=1, createTime=2023-05-20T23:10:46, updateTime=2023-05-20T23:10:46, permission=10, permissionName=系统管理员, email=qc2003020401@163.com, avatar=http://10.15.245.1:9090/aistudio/18e956a8440341e3945bfb405953a396.png)', NULL, NULL, '/api/user/info');
INSERT INTO `log` VALUES (1662405696871280642, 1659939726386827265, 'com.qc.printers.controller.UserController.info', NULL, '127.0.0.1', '2023-05-27 18:29:39', 'POST', 'UserResult(id=1659939726386827265, username=admin, name=admin, phone=13986530157, sex=男, studentId=null, status=1, createTime=2023-05-20T23:10:46, updateTime=2023-05-20T23:10:46, permission=10, permissionName=系统管理员, email=qc2003020401@163.com, avatar=http://10.15.245.1:9090/aistudio/18e956a8440341e3945bfb405953a396.png)', NULL, NULL, '/api/user/info');
INSERT INTO `log` VALUES (1662406084907315202, 1659939726386827265, 'com.qc.printers.controller.UserController.info', NULL, '127.0.0.1', '2023-05-27 18:31:11', 'POST', 'UserResult(id=1659939726386827265, username=admin, name=admin, phone=13986530157, sex=男, studentId=null, status=1, createTime=2023-05-20T23:10:46, updateTime=2023-05-20T23:10:46, permission=10, permissionName=系统管理员, email=qc2003020401@163.com, avatar=http://10.15.245.1:9090/aistudio/18e956a8440341e3945bfb405953a396.png)', NULL, NULL, '/api/user/info');
INSERT INTO `log` VALUES (1662406275836227586, 1659939726386827265, 'com.qc.printers.controller.UserController.info', NULL, '127.0.0.1', '2023-05-27 18:31:57', 'POST', 'UserResult(id=1659939726386827265, username=admin, name=admin, phone=13986530157, sex=男, studentId=null, status=1, createTime=2023-05-20T23:10:46, updateTime=2023-05-20T23:10:46, permission=10, permissionName=系统管理员, email=qc2003020401@163.com, avatar=http://10.15.245.1:9090/aistudio/18e956a8440341e3945bfb405953a396.png)', NULL, NULL, '/api/user/info');
INSERT INTO `log` VALUES (1662406463887847425, 1659939726386827265, 'com.qc.printers.controller.UserController.info', NULL, '127.0.0.1', '2023-05-27 18:32:42', 'POST', 'UserResult(id=1659939726386827265, username=admin, name=admin, phone=13986530157, sex=男, studentId=null, status=1, createTime=2023-05-20T23:10:46, updateTime=2023-05-20T23:10:46, permission=10, permissionName=系统管理员, email=qc2003020401@163.com, avatar=http://10.15.245.1:9090/aistudio/18e956a8440341e3945bfb405953a396.png)', NULL, NULL, '/api/user/info');
INSERT INTO `log` VALUES (1662466333991317505, 1659939726386827265, 'com.qc.printers.controller.UserController.info', NULL, '127.0.0.1', '2023-05-27 22:30:36', 'POST', 'UserResult(id=1659939726386827265, username=admin, name=admin, phone=13986530157, sex=男, studentId=null, status=1, createTime=2023-05-20T23:10:46, updateTime=2023-05-20T23:10:46, permission=10, permissionName=系统管理员, email=qc2003020401@163.com, avatar=http://10.15.245.1:9090/aistudio/18e956a8440341e3945bfb405953a396.png)', NULL, NULL, '/api/user/info');
INSERT INTO `log` VALUES (1662466361040384001, 1659939726386827265, 'com.qc.printers.controller.PrintController.getTodayPrintCount', NULL, '127.0.0.1', '2023-05-27 22:30:42', 'GET', '1', NULL, NULL, '/api/printer/day_print_count');
INSERT INTO `log` VALUES (1662467842531471361, 1659939726386827265, 'com.qc.printers.controller.UserController.info', NULL, '127.0.0.1', '2023-05-27 22:36:35', 'POST', 'UserResult(id=1659939726386827265, username=admin, name=admin, phone=13986530157, sex=男, studentId=null, status=1, createTime=2023-05-20T23:10:46, updateTime=2023-05-20T23:10:46, permission=10, permissionName=系统管理员, email=qc2003020401@163.com, avatar=http://10.15.245.1:9090/aistudio/18e956a8440341e3945bfb405953a396.png)', NULL, NULL, '/api/user/info');
INSERT INTO `log` VALUES (1662468219284828161, 1659939726386827265, 'com.qc.printers.controller.UserController.info', NULL, '127.0.0.1', '2023-05-27 22:38:05', 'POST', 'UserResult(id=1659939726386827265, username=admin, name=admin, phone=13986530157, sex=男, studentId=null, status=1, createTime=2023-05-20T23:10:46, updateTime=2023-05-20T23:10:46, permission=10, permissionName=系统管理员, email=qc2003020401@163.com, avatar=http://10.15.245.1:9090/aistudio/18e956a8440341e3945bfb405953a396.png)', NULL, NULL, '/api/user/info');
INSERT INTO `log` VALUES (1662468254596673538, 1659939726386827265, 'com.qc.printers.controller.UserController.info', NULL, '127.0.0.1', '2023-05-27 22:38:14', 'POST', 'UserResult(id=1659939726386827265, username=admin, name=admin, phone=13986530157, sex=男, studentId=null, status=1, createTime=2023-05-20T23:10:46, updateTime=2023-05-20T23:10:46, permission=10, permissionName=系统管理员, email=qc2003020401@163.com, avatar=http://10.15.245.1:9090/aistudio/18e956a8440341e3945bfb405953a396.png)', NULL, NULL, '/api/user/info');
INSERT INTO `log` VALUES (1662468263798976514, 1659939726386827265, 'com.qc.printers.controller.UserController.info', NULL, '127.0.0.1', '2023-05-27 22:38:16', 'POST', 'UserResult(id=1659939726386827265, username=admin, name=admin, phone=13986530157, sex=男, studentId=null, status=1, createTime=2023-05-20T23:10:46, updateTime=2023-05-20T23:10:46, permission=10, permissionName=系统管理员, email=qc2003020401@163.com, avatar=http://10.15.245.1:9090/aistudio/18e956a8440341e3945bfb405953a396.png)', NULL, NULL, '/api/user/info');
INSERT INTO `log` VALUES (1662468416702328833, 1659939726386827265, 'com.qc.printers.controller.UserController.info', NULL, '127.0.0.1', '2023-05-27 22:38:52', 'POST', 'UserResult(id=1659939726386827265, username=admin, name=admin, phone=13986530157, sex=男, studentId=null, status=1, createTime=2023-05-20T23:10:46, updateTime=2023-05-20T23:10:46, permission=10, permissionName=系统管理员, email=qc2003020401@163.com, avatar=http://10.15.245.1:9090/aistudio/18e956a8440341e3945bfb405953a396.png)', NULL, NULL, '/api/user/info');
INSERT INTO `log` VALUES (1662468609342517250, 1659939726386827265, 'com.qc.printers.controller.UserController.info', NULL, '127.0.0.1', '2023-05-27 22:39:38', 'POST', 'UserResult(id=1659939726386827265, username=admin, name=admin, phone=13986530157, sex=男, studentId=null, status=1, createTime=2023-05-20T23:10:46, updateTime=2023-05-20T23:10:46, permission=10, permissionName=系统管理员, email=qc2003020401@163.com, avatar=http://10.15.245.1:9090/aistudio/18e956a8440341e3945bfb405953a396.png)', NULL, NULL, '/api/user/info');
INSERT INTO `log` VALUES (1662468898221010946, 1659939726386827265, 'com.qc.printers.controller.UserController.info', NULL, '127.0.0.1', '2023-05-27 22:40:47', 'POST', 'UserResult(id=1659939726386827265, username=admin, name=admin, phone=13986530157, sex=男, studentId=null, status=1, createTime=2023-05-20T23:10:46, updateTime=2023-05-20T23:10:46, permission=10, permissionName=系统管理员, email=qc2003020401@163.com, avatar=http://10.15.245.1:9090/aistudio/18e956a8440341e3945bfb405953a396.png)', NULL, NULL, '/api/user/info');
INSERT INTO `log` VALUES (1662469285279772673, 1659939726386827265, 'com.qc.printers.controller.UserController.info', NULL, '127.0.0.1', '2023-05-27 22:42:19', 'POST', 'UserResult(id=1659939726386827265, username=admin, name=admin, phone=13986530157, sex=男, studentId=null, status=1, createTime=2023-05-20T23:10:46, updateTime=2023-05-20T23:10:46, permission=10, permissionName=系统管理员, email=qc2003020401@163.com, avatar=http://10.15.245.1:9090/aistudio/18e956a8440341e3945bfb405953a396.png)', NULL, NULL, '/api/user/info');
INSERT INTO `log` VALUES (1662473689710014465, 1659939726386827265, 'com.qc.printers.controller.UserController.info', NULL, '127.0.0.1', '2023-05-27 22:59:50', 'POST', 'UserResult(id=1659939726386827265, username=admin, name=admin, phone=13986530157, sex=男, studentId=null, status=1, createTime=2023-05-20T23:10:46, updateTime=2023-05-20T23:10:46, permission=10, permissionName=系统管理员, email=qc2003020401@163.com, avatar=http://10.15.245.1:9090/aistudio/18e956a8440341e3945bfb405953a396.png)', NULL, NULL, '/api/user/info');
INSERT INTO `log` VALUES (1662475961231814657, 1659939726386827265, 'com.qc.printers.controller.UserController.info', NULL, '127.0.0.1', '2023-05-27 23:08:51', 'POST', 'UserResult(id=1659939726386827265, username=admin, name=admin, phone=13986530157, sex=男, studentId=null, status=1, createTime=2023-05-20T23:10:46, updateTime=2023-05-20T23:10:46, permission=10, permissionName=系统管理员, email=qc2003020401@163.com, avatar=http://10.15.245.1:9090/aistudio/18e956a8440341e3945bfb405953a396.png)', NULL, NULL, '/api/user/info');
INSERT INTO `log` VALUES (1662476026134474753, 1659939726386827265, 'com.qc.printers.controller.PrintController.getTodayPrintCount', NULL, '127.0.0.1', '2023-05-27 23:09:07', 'GET', '1', NULL, NULL, '/api/printer/day_print_count');
INSERT INTO `log` VALUES (1662476236046807041, 1659939726386827265, 'com.qc.printers.controller.UserController.info', NULL, '127.0.0.1', '2023-05-27 23:09:57', 'POST', 'UserResult(id=1659939726386827265, username=admin, name=admin, phone=13986530157, sex=男, studentId=null, status=1, createTime=2023-05-20T23:10:46, updateTime=2023-05-20T23:10:46, permission=10, permissionName=系统管理员, email=qc2003020401@163.com, avatar=http://10.15.245.1:9090/aistudio/18e956a8440341e3945bfb405953a396.png)', NULL, NULL, '/api/user/info');
INSERT INTO `log` VALUES (1662476244754182146, 1659939726386827265, 'com.qc.printers.controller.PrintController.getTodayPrintCount', NULL, '127.0.0.1', '2023-05-27 23:09:59', 'GET', '1', NULL, NULL, '/api/printer/day_print_count');
INSERT INTO `log` VALUES (1662478433740414978, 1659939726386827265, 'com.qc.printers.controller.CommonController.uploadImage', NULL, '127.0.0.1', '2023-05-27 23:18:41', 'POST', 'http://10.15.245.1:9090/aistudio/331473fdf3614abcb7139f1d1656da0b.jpg', NULL, NULL, '/api/common/uploadimage');
INSERT INTO `log` VALUES (1662478741740740610, 1659939726386827265, 'com.qc.printers.controller.CommonController.uploadImage', NULL, '127.0.0.1', '2023-05-27 23:19:54', 'POST', 'http://10.15.245.1:9090/aistudio/92371bc9661f475f872b64bc197bc566.jpg', NULL, NULL, '/api/common/uploadimage');
INSERT INTO `log` VALUES (1662478747793121281, 1659939726386827265, 'com.qc.printers.controller.CommonController.uploadImage', NULL, '127.0.0.1', '2023-05-27 23:19:55', 'POST', 'http://10.15.245.1:9090/aistudio/5ec37ca0569a46bcb1a7549e9ab4e67f.jpg', NULL, NULL, '/api/common/uploadimage');
INSERT INTO `log` VALUES (1662478749890273281, 1659939726386827265, 'com.qc.printers.controller.CommonController.uploadImage', NULL, '127.0.0.1', '2023-05-27 23:19:56', 'POST', 'http://10.15.245.1:9090/aistudio/5c8e8ff12e2448f38868d59858139248.jpg', NULL, NULL, '/api/common/uploadimage');
INSERT INTO `log` VALUES (1662478767393103873, 1659939726386827265, 'com.qc.printers.controller.CommonController.uploadImage', NULL, '127.0.0.1', '2023-05-27 23:20:00', 'POST', 'http://10.15.245.1:9090/aistudio/905f188ce2184c4b8493354895464311.jpg', NULL, NULL, '/api/common/uploadimage');
INSERT INTO `log` VALUES (1662479040152887298, 1659939726386827265, 'com.qc.printers.controller.CommonController.uploadImage', NULL, '127.0.0.1', '2023-05-27 23:21:05', 'POST', 'http://10.15.245.1:9090/aistudio/419e123f1ebe4a73ba2d3444e79b454d.jpg', NULL, NULL, '/api/common/uploadimage');
INSERT INTO `log` VALUES (1662479072600023041, 1659939726386827265, 'com.qc.printers.controller.CommonController.uploadImage', NULL, '127.0.0.1', '2023-05-27 23:21:13', 'POST', 'http://10.15.245.1:9090/aistudio/b520501ad27f454ca9cff4b02fefcb43.jpg', NULL, NULL, '/api/common/uploadimage');
INSERT INTO `log` VALUES (1662479074676203521, 1659939726386827265, 'com.qc.printers.controller.CommonController.uploadImage', NULL, '127.0.0.1', '2023-05-27 23:21:13', 'POST', 'http://10.15.245.1:9090/aistudio/69be2ff308124cfa90dd3de7cadfad58.jpg', NULL, NULL, '/api/common/uploadimage');
INSERT INTO `log` VALUES (1662479076433616897, 1659939726386827265, 'com.qc.printers.controller.CommonController.uploadImage', NULL, '127.0.0.1', '2023-05-27 23:21:14', 'POST', 'http://10.15.245.1:9090/aistudio/c6d0e83c760545dc83d8314e43ca835c.jpg', NULL, NULL, '/api/common/uploadimage');
INSERT INTO `log` VALUES (1662479190485131265, 1659939726386827265, 'com.qc.printers.controller.CommonController.uploadImage', NULL, '127.0.0.1', '2023-05-27 23:21:41', 'POST', 'http://10.15.245.1:9090/aistudio/e29de307788744f8b54c8a17de9597c9.jpg', NULL, NULL, '/api/common/uploadimage');
INSERT INTO `log` VALUES (1662479476167565314, 1659939726386827265, 'com.qc.printers.controller.CommonController.uploadImage', NULL, '127.0.0.1', '2023-05-27 23:22:49', 'POST', 'http://10.15.245.1:9090/aistudio/92abb9f1c4594ef990b53f41a0bd07ff.jpg', NULL, NULL, '/api/common/uploadimage');
INSERT INTO `log` VALUES (1662479764752457730, 1659939726386827265, 'com.qc.printers.controller.CommonController.uploadImage', NULL, '127.0.0.1', '2023-05-27 23:23:58', 'POST', 'http://10.15.245.1:9090/aistudio/ab98e34d2bc84816ae9acc45e9271c7a.png', NULL, NULL, '/api/common/uploadimage');
INSERT INTO `log` VALUES (1662479917605478401, 1659939726386827265, 'com.qc.printers.controller.CommonController.uploadImage', NULL, '127.0.0.1', '2023-05-27 23:24:34', 'POST', 'http://10.15.245.1:9090/aistudio/cc48fcf0ee874bb5bf44414b96a4d5ee.jpg', NULL, NULL, '/api/common/uploadimage');
INSERT INTO `log` VALUES (1662480445852901378, 1659939726386827265, 'com.qc.printers.controller.CommonController.uploadImage', NULL, '127.0.0.1', '2023-05-27 23:26:40', 'POST', 'http://10.15.245.1:9090/aistudio/2789e3dd851446b594538fbe93e98fd2.jpg', NULL, NULL, '/api/common/uploadimage');
INSERT INTO `log` VALUES (1662480456862949378, 1659939726386827265, 'com.qc.printers.controller.CommonController.uploadImage', NULL, '127.0.0.1', '2023-05-27 23:26:43', 'POST', 'http://10.15.245.1:9090/aistudio/48753eecbeff489db91cb1dbe6669c50.jpg', NULL, NULL, '/api/common/uploadimage');
INSERT INTO `log` VALUES (1662481084150472705, 1659939726386827265, 'com.qc.printers.controller.CommonController.uploadImage', NULL, '127.0.0.1', '2023-05-27 23:29:13', 'POST', 'http://10.15.245.1:9090/aistudio/2b2cec41434143f6b1afa4fcfbfd2ff1.jpg', NULL, NULL, '/api/common/uploadimage');
INSERT INTO `log` VALUES (1662481215960670210, 1659939726386827265, 'com.qc.printers.controller.CommonController.uploadImage', NULL, '127.0.0.1', '2023-05-27 23:29:44', 'POST', 'http://10.15.245.1:9090/aistudio/24bed9930ed943afbf4eeea1a5b54527.jpg', NULL, NULL, '/api/common/uploadimage');
INSERT INTO `log` VALUES (1662481352955027457, 1659939726386827265, 'com.qc.printers.controller.CommonController.uploadImage', NULL, '127.0.0.1', '2023-05-27 23:30:17', 'POST', 'http://10.15.245.1:9090/aistudio/7ab12cca20594b53af79da6bf290402b.jpg', NULL, NULL, '/api/common/uploadimage');
INSERT INTO `log` VALUES (1662481517644374018, 1659939726386827265, 'com.qc.printers.controller.CommonController.uploadImage', NULL, '127.0.0.1', '2023-05-27 23:30:56', 'POST', 'http://10.15.245.1:9090/aistudio/2c16157d55f14ad0aa6d2a0bd1ff1532.jpg', NULL, NULL, '/api/common/uploadimage');
INSERT INTO `log` VALUES (1662481558446563330, 1659939726386827265, 'com.qc.printers.controller.CommonController.uploadImage', NULL, '127.0.0.1', '2023-05-27 23:31:06', 'POST', 'http://10.15.245.1:9090/aistudio/b4d60f912e6e4234a54ac776ec834fe7.jpg', NULL, NULL, '/api/common/uploadimage');
INSERT INTO `log` VALUES (1662481571893501953, 1659939726386827265, 'com.qc.printers.controller.CommonController.uploadImage', NULL, '127.0.0.1', '2023-05-27 23:31:09', 'POST', 'http://10.15.245.1:9090/aistudio/6504a2c95c03416cb400abcc4b329753.jfif', NULL, NULL, '/api/common/uploadimage');
INSERT INTO `log` VALUES (1662481589429886977, 1659939726386827265, 'com.qc.printers.controller.CommonController.uploadImage', NULL, '127.0.0.1', '2023-05-27 23:31:13', 'POST', 'http://10.15.245.1:9090/aistudio/574b0560dd7448948cc466724bcccf34.jfif', NULL, NULL, '/api/common/uploadimage');
INSERT INTO `log` VALUES (1662481698846695425, 1659939726386827265, 'com.qc.printers.controller.CommonController.uploadImage', NULL, '127.0.0.1', '2023-05-27 23:31:39', 'POST', 'http://10.15.245.1:9090/aistudio/1351d16b403f45bb9902433e947ec321.jfif', NULL, NULL, '/api/common/uploadimage');
INSERT INTO `log` VALUES (1662481807277842434, 1659939726386827265, 'com.qc.printers.controller.CommonController.uploadImage', NULL, '127.0.0.1', '2023-05-27 23:32:05', 'POST', 'http://10.15.245.1:9090/aistudio/453335bf24fe473fbee3fd3a3526a59e.jpg', NULL, NULL, '/api/common/uploadimage');
INSERT INTO `log` VALUES (1662482176418537473, 1659939726386827265, 'com.qc.printers.controller.CommonController.uploadImage', NULL, '127.0.0.1', '2023-05-27 23:33:33', 'POST', 'http://10.15.245.1:9090/aistudio/7844880ffde946c8a9fd1be9fe99e595.jpg', NULL, NULL, '/api/common/uploadimage');
INSERT INTO `log` VALUES (1662482256248725506, 1659939726386827265, 'com.qc.printers.controller.CommonController.uploadImage', NULL, '127.0.0.1', '2023-05-27 23:33:52', 'POST', 'http://10.15.245.1:9090/aistudio/9af66332ea934260810a6434e6c1cdce.jpg', NULL, NULL, '/api/common/uploadimage');
INSERT INTO `log` VALUES (1662482402147590146, 1659939726386827265, 'com.qc.printers.controller.CommonController.uploadImage', NULL, '127.0.0.1', '2023-05-27 23:34:27', 'POST', 'http://10.15.245.1:9090/aistudio/b0f5773e7b00416e99c245ad05a60adf.jpg', NULL, NULL, '/api/common/uploadimage');
INSERT INTO `log` VALUES (1662482427380523010, 1659939726386827265, 'com.qc.printers.controller.CommonController.uploadImage', NULL, '127.0.0.1', '2023-05-27 23:34:33', 'POST', 'http://10.15.245.1:9090/aistudio/6a693406b71b401388e45be82af08cb8.jpg', NULL, NULL, '/api/common/uploadimage');
INSERT INTO `log` VALUES (1662483341319364610, 1659939726386827265, 'com.qc.printers.controller.CommonController.uploadImage', NULL, '127.0.0.1', '2023-05-27 23:38:11', 'POST', 'http://10.15.245.1:9090/aistudio/c540951398de4648825ecc93dfa53072.jpg', NULL, NULL, '/api/common/uploadimage');
INSERT INTO `log` VALUES (1662483680546283521, 1659939726386827265, 'com.qc.printers.controller.CommonController.uploadImage', NULL, '127.0.0.1', '2023-05-27 23:39:32', 'POST', 'http://10.15.245.1:9090/aistudio/e0688aca6572450ba17c86698bb67e7c.jpg', NULL, NULL, '/api/common/uploadimage');
INSERT INTO `log` VALUES (1662483702612516865, 1659939726386827265, 'com.qc.printers.controller.CommonController.uploadImage', NULL, '127.0.0.1', '2023-05-27 23:39:37', 'POST', 'http://10.15.245.1:9090/aistudio/6649699186a94331b998559481e4d625.jfif', NULL, NULL, '/api/common/uploadimage');
INSERT INTO `log` VALUES (1662484237394665473, 1659939726386827265, 'com.qc.printers.controller.CommonController.uploadImage', NULL, '127.0.0.1', '2023-05-27 23:41:44', 'POST', 'http://10.15.245.1:9090/aistudio/a1334c88da01458ebe78d01205a1d05f.jpg', NULL, NULL, '/api/common/uploadimage');
INSERT INTO `log` VALUES (1662485006860705794, 1659939726386827265, 'com.qc.printers.controller.UserController.info', NULL, '127.0.0.1', '2023-05-27 23:44:48', 'POST', 'UserResult(id=1659939726386827265, username=admin, name=admin, phone=13986530157, sex=男, studentId=null, status=1, createTime=2023-05-20T23:10:46, updateTime=2023-05-20T23:10:46, permission=10, permissionName=系统管理员, email=qc2003020401@163.com, avatar=http://10.15.245.1:9090/aistudio/18e956a8440341e3945bfb405953a396.png)', NULL, NULL, '/api/user/info');
INSERT INTO `log` VALUES (1662485606730063874, 1659939726386827265, 'com.qc.printers.controller.UserController.info', NULL, '127.0.0.1', '2023-05-27 23:47:11', 'POST', 'UserResult(id=1659939726386827265, username=admin, name=admin, phone=13986530157, sex=男, studentId=null, status=1, createTime=2023-05-20T23:10:46, updateTime=2023-05-20T23:10:46, permission=10, permissionName=系统管理员, email=qc2003020401@163.com, avatar=http://10.15.245.1:9090/aistudio/18e956a8440341e3945bfb405953a396.png)', NULL, NULL, '/api/user/info');
INSERT INTO `log` VALUES (1662485697608048641, 1659939726386827265, 'com.qc.printers.controller.UserController.info', NULL, '127.0.0.1', '2023-05-27 23:47:32', 'POST', 'UserResult(id=1659939726386827265, username=admin, name=admin, phone=13986530157, sex=男, studentId=null, status=1, createTime=2023-05-20T23:10:46, updateTime=2023-05-20T23:10:46, permission=10, permissionName=系统管理员, email=qc2003020401@163.com, avatar=http://10.15.245.1:9090/aistudio/18e956a8440341e3945bfb405953a396.png)', NULL, NULL, '/api/user/info');
INSERT INTO `log` VALUES (1662485816483012609, 1659939726386827265, 'com.qc.printers.controller.UserController.info', NULL, '127.0.0.1', '2023-05-27 23:48:01', 'POST', 'UserResult(id=1659939726386827265, username=admin, name=admin, phone=13986530157, sex=男, studentId=null, status=1, createTime=2023-05-20T23:10:46, updateTime=2023-05-20T23:10:46, permission=10, permissionName=系统管理员, email=qc2003020401@163.com, avatar=http://10.15.245.1:9090/aistudio/18e956a8440341e3945bfb405953a396.png)', NULL, NULL, '/api/user/info');
INSERT INTO `log` VALUES (1662486641188036610, 1659939726386827265, 'com.qc.printers.controller.UserController.info', NULL, '127.0.0.1', '2023-05-27 23:51:17', 'POST', 'UserResult(id=1659939726386827265, username=admin, name=admin, phone=13986530157, sex=男, studentId=null, status=1, createTime=2023-05-20T23:10:46, updateTime=2023-05-20T23:10:46, permission=10, permissionName=系统管理员, email=qc2003020401@163.com, avatar=http://10.15.245.1:9090/aistudio/18e956a8440341e3945bfb405953a396.png)', NULL, NULL, '/api/user/info');
INSERT INTO `log` VALUES (1662487939476119554, 1659939726386827265, 'com.qc.printers.controller.UserController.info', NULL, '127.0.0.1', '2023-05-27 23:56:27', 'POST', 'UserResult(id=1659939726386827265, username=admin, name=admin, phone=13986530157, sex=男, studentId=null, status=1, createTime=2023-05-20T23:10:46, updateTime=2023-05-20T23:10:46, permission=10, permissionName=系统管理员, email=qc2003020401@163.com, avatar=http://10.15.245.1:9090/aistudio/18e956a8440341e3945bfb405953a396.png)', NULL, NULL, '/api/user/info');
INSERT INTO `log` VALUES (1662488214446301185, 1659939726386827265, 'com.qc.printers.controller.UserController.info', NULL, '127.0.0.1', '2023-05-27 23:57:33', 'POST', 'UserResult(id=1659939726386827265, username=admin, name=admin, phone=13986530157, sex=男, studentId=null, status=1, createTime=2023-05-20T23:10:46, updateTime=2023-05-20T23:10:46, permission=10, permissionName=系统管理员, email=qc2003020401@163.com, avatar=http://10.15.245.1:9090/aistudio/18e956a8440341e3945bfb405953a396.png)', NULL, NULL, '/api/user/info');
INSERT INTO `log` VALUES (1662490260004212737, 1659939726386827265, 'com.qc.printers.controller.UserController.info', NULL, '127.0.0.1', '2023-05-28 00:05:40', 'POST', 'UserResult(id=1659939726386827265, username=admin, name=admin, phone=13986530157, sex=男, studentId=null, status=1, createTime=2023-05-20T23:10:46, updateTime=2023-05-20T23:10:46, permission=10, permissionName=系统管理员, email=qc2003020401@163.com, avatar=http://10.15.245.1:9090/aistudio/18e956a8440341e3945bfb405953a396.png)', NULL, NULL, '/api/user/info');
INSERT INTO `log` VALUES (1662494073243111425, 1659939726386827265, 'com.qc.printers.controller.UserController.info', NULL, '127.0.0.1', '2023-05-28 00:20:49', 'POST', 'UserResult(id=1659939726386827265, username=admin, name=admin, phone=13986530157, sex=男, studentId=null, status=1, createTime=2023-05-20T23:10:46, updateTime=2023-05-20T23:10:46, permission=10, permissionName=系统管理员, email=qc2003020401@163.com, avatar=http://10.15.245.1:9090/aistudio/18e956a8440341e3945bfb405953a396.png)', NULL, NULL, '/api/user/info');
INSERT INTO `log` VALUES (1662496365925158914, 1659939726386827265, 'com.qc.printers.controller.UserController.info', NULL, '127.0.0.1', '2023-05-28 00:29:56', 'POST', 'UserResult(id=1659939726386827265, username=admin, name=admin, phone=13986530157, sex=男, studentId=202115040212, status=1, createTime=2023-05-20T23:10:46, updateTime=2023-05-20T23:10:46, permission=10, permissionName=系统管理员, email=qc2003020401@163.com, avatar=18e956a8440341e3945bfb405953a396.png)', NULL, NULL, '/api/user/info');
INSERT INTO `log` VALUES (1662496384057135106, 1659939726386827265, 'com.qc.printers.controller.UserController.info', NULL, '127.0.0.1', '2023-05-28 00:30:00', 'POST', 'UserResult(id=1659939726386827265, username=admin, name=admin, phone=13986530157, sex=男, studentId=202115040212, status=1, createTime=2023-05-20T23:10:46, updateTime=2023-05-20T23:10:46, permission=10, permissionName=系统管理员, email=qc2003020401@163.com, avatar=18e956a8440341e3945bfb405953a396.png)', NULL, NULL, '/api/user/info');
INSERT INTO `log` VALUES (1662498741557968897, 1659939726386827265, 'com.qc.printers.controller.UserController.info', NULL, '127.0.0.1', '2023-05-28 00:39:22', 'POST', 'UserResult(id=1659939726386827265, username=admin, name=admin, phone=13986530157, sex=男, studentId=202115040212, status=1, createTime=2023-05-20T23:10:46, updateTime=2023-05-20T23:10:46, permission=10, permissionName=系统管理员, email=qc2003020401@163.com, avatar=http://10.15.245.1:9090/aistudio/18e956a8440341e3945bfb405953a396.png)', NULL, NULL, '/api/user/info');
INSERT INTO `log` VALUES (1662498773543731201, 1659939726386827265, 'com.qc.printers.controller.UserController.info', NULL, '127.0.0.1', '2023-05-28 00:39:30', 'POST', 'UserResult(id=1659939726386827265, username=admin, name=admin, phone=13986530157, sex=男, studentId=202115040214, status=1, createTime=2023-05-20T23:10:46, updateTime=2023-05-20T23:10:46, permission=10, permissionName=系统管理员, email=qc2003020401@163.com, avatar=http://10.15.245.1:9090/aistudio/18e956a8440341e3945bfb405953a396.png)', NULL, NULL, '/api/user/info');
INSERT INTO `log` VALUES (1662498789096210434, 1659939726386827265, 'com.qc.printers.controller.UserController.info', NULL, '127.0.0.1', '2023-05-28 00:39:34', 'POST', 'UserResult(id=1659939726386827265, username=admin, name=admin, phone=13986530157, sex=女, studentId=202115040214, status=1, createTime=2023-05-20T23:10:46, updateTime=2023-05-20T23:10:46, permission=10, permissionName=系统管理员, email=qc2003020401@163.com, avatar=http://10.15.245.1:9090/aistudio/18e956a8440341e3945bfb405953a396.png)', NULL, NULL, '/api/user/info');
INSERT INTO `log` VALUES (1662498850110750721, 1659939726386827265, 'com.qc.printers.controller.UserController.info', NULL, '127.0.0.1', '2023-05-28 00:39:48', 'POST', 'UserResult(id=1659939726386827265, username=admin, name=admin, phone=13986530157, sex=男, studentId=202115040212, status=1, createTime=2023-05-20T23:10:46, updateTime=2023-05-20T23:10:46, permission=10, permissionName=系统管理员, email=qc2003020401@163.com, avatar=http://10.15.245.1:9090/aistudio/18e956a8440341e3945bfb405953a396.png)', NULL, NULL, '/api/user/info');
INSERT INTO `log` VALUES (1662502611562577921, 1659939726386827265, 'com.qc.printers.controller.UserController.info', NULL, '127.0.0.1', '2023-05-28 00:54:45', 'POST', 'UserResult(id=1659939726386827265, username=admin, name=admin, phone=13986530157, sex=男, studentId=202115040212, status=1, createTime=2023-05-20T23:10:46, updateTime=2023-05-20T23:10:46, permission=10, permissionName=系统管理员, email=qc2003020401@163.com, avatar=http://10.15.245.1:9090/aistudio/18e956a8440341e3945bfb405953a396.png)', NULL, NULL, '/api/user/info');
INSERT INTO `log` VALUES (1662502834670190593, 1659939726386827265, 'com.qc.printers.controller.UserController.info', NULL, '127.0.0.1', '2023-05-28 00:55:38', 'POST', 'UserResult(id=1659939726386827265, username=admin, name=admin, phone=13986530157, sex=男, studentId=202115040212, status=1, createTime=2023-05-20T23:10:46, updateTime=2023-05-20T23:10:46, permission=10, permissionName=系统管理员, email=qc2003020401@163.com, avatar=http://10.15.245.1:9090/aistudio/18e956a8440341e3945bfb405953a396.png)', NULL, NULL, '/api/user/info');
INSERT INTO `log` VALUES (1662502958335049730, 1659939726386827265, 'com.qc.printers.controller.UserController.info', NULL, '127.0.0.1', '2023-05-28 00:56:08', 'POST', 'UserResult(id=1659939726386827265, username=admin, name=admin, phone=13986530157, sex=男, studentId=202115040212, status=1, createTime=2023-05-20T23:10:46, updateTime=2023-05-20T23:10:46, permission=10, permissionName=系统管理员, email=qc2003020401@163.com, avatar=http://10.15.245.1:9090/aistudio/18e956a8440341e3945bfb405953a396.png)', NULL, NULL, '/api/user/info');
INSERT INTO `log` VALUES (1662504112737533954, 1659939726386827265, 'com.qc.printers.controller.UserController.info', NULL, '127.0.0.1', '2023-05-28 01:00:43', 'POST', 'UserResult(id=1659939726386827265, username=admin, name=admin, phone=13986530157, sex=男, studentId=202115040212, status=1, createTime=2023-05-20T23:10:46, updateTime=2023-05-20T23:10:46, permission=10, permissionName=系统管理员, email=qc2003020401@163.com, avatar=http://10.15.245.1:9090/aistudio/18e956a8440341e3945bfb405953a396.png)', NULL, NULL, '/api/user/info');
INSERT INTO `log` VALUES (1662505594186678274, 1659939726386827265, 'com.qc.printers.controller.UserController.info', NULL, '127.0.0.1', '2023-05-28 01:06:36', 'POST', 'UserResult(id=1659939726386827265, username=admin, name=admin, phone=13986530157, sex=男, studentId=202115040212, status=1, createTime=2023-05-20T23:10:46, updateTime=2023-05-20T23:10:46, permission=10, permissionName=系统管理员, email=qc2003020401@163.com, avatar=http://10.15.245.1:9090/aistudio/18e956a8440341e3945bfb405953a396.png)', NULL, NULL, '/api/user/info');
INSERT INTO `log` VALUES (1662505998525972482, 1659939726386827265, 'com.qc.printers.controller.UserController.info', NULL, '127.0.0.1', '2023-05-28 01:08:13', 'POST', 'UserResult(id=1659939726386827265, username=admin, name=admin, phone=13986530157, sex=男, studentId=202115040212, status=1, createTime=2023-05-20T23:10:46, updateTime=2023-05-20T23:10:46, permission=10, permissionName=系统管理员, email=qc2003020401@163.com, avatar=http://10.15.245.1:9090/aistudio/18e956a8440341e3945bfb405953a396.png)', NULL, NULL, '/api/user/info');
INSERT INTO `log` VALUES (1662506060891136001, 1659939726386827265, 'com.qc.printers.controller.UserController.info', NULL, '127.0.0.1', '2023-05-28 01:08:27', 'POST', 'UserResult(id=1659939726386827265, username=admin, name=admin, phone=13986530157, sex=男, studentId=202115040212, status=1, createTime=2023-05-20T23:10:46, updateTime=2023-05-20T23:10:46, permission=10, permissionName=系统管理员, email=qc2003020401@163.com, avatar=http://10.15.245.1:9090/aistudio/18e956a8440341e3945bfb405953a396.png)', NULL, NULL, '/api/user/info');
INSERT INTO `log` VALUES (1662506061797105666, 1659939726386827265, 'com.qc.printers.controller.UserController.userPassword', NULL, '127.0.0.1', '2023-05-28 01:08:28', 'GET', '0', NULL, NULL, '/api/user/user_password');
INSERT INTO `log` VALUES (1662506129379926017, 1659939726386827265, 'com.qc.printers.controller.UserController.userPassword', NULL, '127.0.0.1', '2023-05-28 01:08:44', 'GET', '0', NULL, NULL, '/api/user/user_password');
INSERT INTO `log` VALUES (1662506146584961026, 1659939726386827265, 'com.qc.printers.controller.UserController.info', NULL, '127.0.0.1', '2023-05-28 01:08:48', 'POST', 'UserResult(id=1659939726386827265, username=admin, name=admin, phone=13986530157, sex=男, studentId=202115040212, status=1, createTime=2023-05-20T23:10:46, updateTime=2023-05-20T23:10:46, permission=10, permissionName=系统管理员, email=qc2003020401@163.com, avatar=http://10.15.245.1:9090/aistudio/18e956a8440341e3945bfb405953a396.png)', NULL, NULL, '/api/user/info');
INSERT INTO `log` VALUES (1662506153773998082, 1659939726386827265, 'com.qc.printers.controller.UserController.userPassword', NULL, '127.0.0.1', '2023-05-28 01:08:50', 'GET', '0', NULL, NULL, '/api/user/user_password');
INSERT INTO `log` VALUES (1662506642431385602, 1659939726386827265, 'com.qc.printers.controller.UserController.userPassword', NULL, '127.0.0.1', '2023-05-28 01:10:46', 'GET', '0', NULL, NULL, '/api/user/user_password');
INSERT INTO `log` VALUES (1662506701231333377, 1659939726386827265, 'com.qc.printers.controller.UserController.userPassword', NULL, '127.0.0.1', '2023-05-28 01:11:00', 'GET', '0', NULL, NULL, '/api/user/user_password');
INSERT INTO `log` VALUES (1662506816029433857, 1659939726386827265, 'com.qc.printers.controller.UserController.userPassword', NULL, '127.0.0.1', '2023-05-28 01:11:27', 'GET', '0', NULL, NULL, '/api/user/user_password');
INSERT INTO `log` VALUES (1662507340623618049, 1659939726386827265, 'com.qc.printers.controller.UserController.info', NULL, '127.0.0.1', '2023-05-28 01:13:33', 'POST', 'UserResult(id=1659939726386827265, username=admin, name=admin, phone=13986530157, sex=男, studentId=202115040212, status=1, createTime=2023-05-20T23:10:46, updateTime=2023-05-20T23:10:46, permission=10, permissionName=系统管理员, email=qc2003020401@163.com, avatar=http://10.15.245.1:9090/aistudio/18e956a8440341e3945bfb405953a396.png)', NULL, NULL, '/api/user/info');
INSERT INTO `log` VALUES (1662507352262811650, 1659939726386827265, 'com.qc.printers.controller.UserController.userPassword', NULL, '127.0.0.1', '2023-05-28 01:13:35', 'GET', '0', NULL, NULL, '/api/user/user_password');
INSERT INTO `log` VALUES (1662509973597913090, 1659939726386827265, 'com.qc.printers.controller.PrintController.getTodayPrintCount', NULL, '127.0.0.1', '2023-05-28 01:24:00', 'GET', '1', NULL, NULL, '/api/printer/day_print_count');
INSERT INTO `log` VALUES (1662510059618893826, 1659939726386827265, 'com.qc.printers.controller.UserController.info', NULL, '127.0.0.1', '2023-05-28 01:24:21', 'POST', 'UserResult(id=1659939726386827265, username=admin, name=admin, phone=13986530157, sex=男, studentId=202115040212, status=1, createTime=2023-05-20T23:10:46, updateTime=2023-05-20T23:10:46, permission=10, permissionName=系统管理员, email=qc2003020401@163.com, avatar=http://10.15.245.1:9090/aistudio/18e956a8440341e3945bfb405953a396.png)', NULL, NULL, '/api/user/info');
INSERT INTO `log` VALUES (1662510107522039810, 1659939726386827265, 'com.qc.printers.controller.UserController.info', NULL, '127.0.0.1', '2023-05-28 01:24:32', 'POST', 'UserResult(id=1659939726386827265, username=admin, name=admin, phone=13986530157, sex=男, studentId=202115040212, status=1, createTime=2023-05-20T23:10:46, updateTime=2023-05-20T23:10:46, permission=10, permissionName=系统管理员, email=qc2003020401@163.com, avatar=http://10.15.245.1:9090/aistudio/18e956a8440341e3945bfb405953a396.png)', NULL, NULL, '/api/user/info');
INSERT INTO `log` VALUES (1662510137947521025, 1659939726386827265, 'com.qc.printers.controller.UserController.info', NULL, '127.0.0.1', '2023-05-28 01:24:39', 'POST', 'UserResult(id=1659939726386827265, username=admin, name=admin, phone=13986530157, sex=男, studentId=202115040212, status=1, createTime=2023-05-20T23:10:46, updateTime=2023-05-20T23:10:46, permission=10, permissionName=系统管理员, email=qc2003020401@163.com, avatar=http://10.15.245.1:9090/aistudio/18e956a8440341e3945bfb405953a396.png)', NULL, NULL, '/api/user/info');
INSERT INTO `log` VALUES (1662510138614415361, 1659939726386827265, 'com.qc.printers.controller.UserController.userPassword', NULL, '127.0.0.1', '2023-05-28 01:24:40', 'GET', '0', NULL, NULL, '/api/user/user_password');
INSERT INTO `log` VALUES (1662510390922788865, 1659939726386827265, 'com.qc.printers.controller.UserController.info', NULL, '127.0.0.1', '2023-05-28 01:25:40', 'POST', 'UserResult(id=1659939726386827265, username=admin, name=admin, phone=13986530157, sex=男, studentId=202115040212, status=1, createTime=2023-05-20T23:10:46, updateTime=2023-05-20T23:10:46, permission=10, permissionName=系统管理员, email=qc2003020401@163.com, avatar=http://10.15.245.1:9090/aistudio/18e956a8440341e3945bfb405953a396.png)', NULL, NULL, '/api/user/info');
INSERT INTO `log` VALUES (1662510391937810434, 1659939726386827265, 'com.qc.printers.controller.UserController.userPassword', NULL, '127.0.0.1', '2023-05-28 01:25:40', 'GET', '0', NULL, NULL, '/api/user/user_password');
INSERT INTO `log` VALUES (1662510503355273218, 1659939726386827265, 'com.qc.printers.controller.UserController.info', NULL, '127.0.0.1', '2023-05-28 01:26:07', 'POST', 'UserResult(id=1659939726386827265, username=admin, name=admin, phone=13986530157, sex=男, studentId=202115040212, status=1, createTime=2023-05-20T23:10:46, updateTime=2023-05-20T23:10:46, permission=10, permissionName=系统管理员, email=qc2003020401@163.com, avatar=http://10.15.245.1:9090/aistudio/18e956a8440341e3945bfb405953a396.png)', NULL, NULL, '/api/user/info');
INSERT INTO `log` VALUES (1662510504550649857, 1659939726386827265, 'com.qc.printers.controller.UserController.userPassword', NULL, '127.0.0.1', '2023-05-28 01:26:07', 'GET', '0', NULL, NULL, '/api/user/user_password');
INSERT INTO `log` VALUES (1662510688143724546, 1659939726386827265, 'com.qc.printers.controller.UserController.userPassword', NULL, '127.0.0.1', '2023-05-28 01:26:51', 'GET', '0', NULL, NULL, '/api/user/user_password');
INSERT INTO `log` VALUES (1662510728723615746, 1659939726386827265, 'com.qc.printers.controller.UserController.info', NULL, '127.0.0.1', '2023-05-28 01:27:00', 'POST', 'UserResult(id=1659939726386827265, username=admin, name=admin, phone=13986530157, sex=男, studentId=202115040212, status=1, createTime=2023-05-20T23:10:46, updateTime=2023-05-20T23:10:46, permission=10, permissionName=系统管理员, email=qc2003020401@163.com, avatar=http://10.15.245.1:9090/aistudio/18e956a8440341e3945bfb405953a396.png)', NULL, NULL, '/api/user/info');
INSERT INTO `log` VALUES (1662510800425242625, 1659939726386827265, 'com.qc.printers.controller.UserController.info', NULL, '127.0.0.1', '2023-05-28 01:27:17', 'POST', 'UserResult(id=1659939726386827265, username=admin, name=admin, phone=13986530157, sex=男, studentId=202115040212, status=1, createTime=2023-05-20T23:10:46, updateTime=2023-05-20T23:10:46, permission=10, permissionName=系统管理员, email=qc2003020401@163.com, avatar=http://10.15.245.1:9090/aistudio/18e956a8440341e3945bfb405953a396.png)', NULL, NULL, '/api/user/info');
INSERT INTO `log` VALUES (1662511159726100481, 1659939726386827265, 'com.qc.printers.controller.UserController.userPassword', NULL, '127.0.0.1', '2023-05-28 01:28:43', 'GET', '0', NULL, NULL, '/api/user/user_password');
INSERT INTO `log` VALUES (1662517165961039873, 1659939726386827265, 'com.qc.printers.controller.UserController.info', NULL, '127.0.0.1', '2023-05-28 01:52:35', 'POST', 'UserResult(id=1659939726386827265, username=admin, name=admin, phone=13986530157, sex=男, studentId=202115040212, status=1, createTime=2023-05-20T23:10:46, updateTime=2023-05-20T23:10:46, permission=10, permissionName=系统管理员, email=qc2003020401@163.com, avatar=http://10.15.245.1:9090/aistudio/18e956a8440341e3945bfb405953a396.png)', NULL, NULL, '/api/user/info');
INSERT INTO `log` VALUES (1662517173619838978, 1659939726386827265, 'com.qc.printers.controller.UserController.userPassword', NULL, '127.0.0.1', '2023-05-28 01:52:37', 'GET', '0', NULL, NULL, '/api/user/user_password');
INSERT INTO `log` VALUES (1662519169819136001, 1659939726386827265, 'com.qc.printers.controller.UserController.info', NULL, '127.0.0.1', '2023-05-28 02:00:33', 'POST', 'UserResult(id=1659939726386827265, username=admin, name=admin, phone=13986530157, sex=男, studentId=202115040212, status=1, createTime=2023-05-20T23:10:46, updateTime=2023-05-20T23:10:46, permission=10, permissionName=系统管理员, email=qc2003020401@163.com, avatar=http://10.15.245.1:9090/aistudio/18e956a8440341e3945bfb405953a396.png)', NULL, NULL, '/api/user/info');
INSERT INTO `log` VALUES (1662521655665676290, 1659939726386827265, 'com.qc.printers.controller.UserController.info', NULL, '127.0.0.1', '2023-05-28 02:10:26', 'POST', 'UserResult(id=1659939726386827265, username=admin, name=admin, phone=13986530157, sex=男, studentId=202115040212, status=1, createTime=2023-05-20T23:10:46, updateTime=2023-05-20T23:10:46, permission=10, permissionName=系统管理员, email=qc2003020401@163.com, avatar=http://10.15.245.1:9090/aistudio/18e956a8440341e3945bfb405953a396.png)', NULL, NULL, '/api/user/info');
INSERT INTO `log` VALUES (1662521813497335810, 1659939726386827265, 'com.qc.printers.controller.UserController.info', NULL, '127.0.0.1', '2023-05-28 02:11:03', 'POST', 'UserResult(id=1659939726386827265, username=admin, name=admin, phone=13986530157, sex=男, studentId=202115040212, status=1, createTime=2023-05-20T23:10:46, updateTime=2023-05-20T23:10:46, permission=10, permissionName=系统管理员, email=qc2003020401@163.com, avatar=http://10.15.245.1:9090/aistudio/18e956a8440341e3945bfb405953a396.png)', NULL, NULL, '/api/user/info');
INSERT INTO `log` VALUES (1662522766833274882, 1659939726386827265, 'com.qc.printers.controller.UserController.info', NULL, '127.0.0.1', '2023-05-28 02:14:50', 'POST', 'UserResult(id=1659939726386827265, username=admin, name=admin, phone=13986530157, sex=男, studentId=202115040212, status=1, createTime=2023-05-20T23:10:46, updateTime=2023-05-20T23:10:46, permission=10, permissionName=系统管理员, email=qc2003020401@163.com, avatar=http://10.15.245.1:9090/aistudio/18e956a8440341e3945bfb405953a396.png)', NULL, NULL, '/api/user/info');
INSERT INTO `log` VALUES (1662526882405994498, 1659939726386827265, 'com.qc.printers.controller.UserController.info', NULL, '127.0.0.1', '2023-05-28 02:31:12', 'POST', 'UserResult(id=1659939726386827265, username=admin, name=admin, phone=13986530157, sex=男, studentId=202115040212, status=1, createTime=2023-05-20T23:10:46, updateTime=2023-05-20T23:10:46, permission=10, permissionName=系统管理员, email=qc2003020401@163.com, avatar=http://10.15.245.1:9090/aistudio/18e956a8440341e3945bfb405953a396.png)', NULL, NULL, '/api/user/info');
INSERT INTO `log` VALUES (1662526890807185410, 1659939726386827265, 'com.qc.printers.controller.UserController.userPassword', NULL, '127.0.0.1', '2023-05-28 02:31:14', 'GET', '0', NULL, NULL, '/api/user/user_password');
INSERT INTO `log` VALUES (1662527083833249793, 1659939726386827265, 'com.qc.printers.controller.UserController.userPassword', NULL, '127.0.0.1', '2023-05-28 02:32:00', 'GET', '0', NULL, NULL, '/api/user/user_password');
INSERT INTO `log` VALUES (1662528747399073793, 1659939726386827265, 'com.qc.printers.controller.UserController.info', NULL, '127.0.0.1', '2023-05-28 02:38:36', 'POST', 'UserResult(id=1659939726386827265, username=admin, name=admin, phone=13986530157, sex=男, studentId=202115040212, status=1, createTime=2023-05-20T23:10:46, updateTime=2023-05-20T23:10:46, permission=10, permissionName=系统管理员, email=qc2003020401@163.com, avatar=http://10.15.245.1:9090/aistudio/18e956a8440341e3945bfb405953a396.png)', NULL, NULL, '/api/user/info');
INSERT INTO `log` VALUES (1662529209196138498, 1659939726386827265, 'com.qc.printers.controller.UserController.userPassword', NULL, '127.0.0.1', '2023-05-28 02:40:26', 'GET', '0', NULL, NULL, '/api/user/user_password');
INSERT INTO `log` VALUES (1662529383335251970, 1659939726386827265, 'com.qc.printers.controller.UserController.info', NULL, '127.0.0.1', '2023-05-28 02:41:08', 'POST', 'UserResult(id=1659939726386827265, username=admin, name=admin, phone=13986530157, sex=男, studentId=202115040212, status=1, createTime=2023-05-20T23:10:46, updateTime=2023-05-20T23:10:46, permission=10, permissionName=系统管理员, email=qc2003020401@163.com, avatar=http://10.15.245.1:9090/aistudio/18e956a8440341e3945bfb405953a396.png)', NULL, NULL, '/api/user/info');
INSERT INTO `log` VALUES (1662529396647972865, 1659939726386827265, 'com.qc.printers.controller.UserController.userPassword', NULL, '127.0.0.1', '2023-05-28 02:41:11', 'GET', '0', NULL, NULL, '/api/user/user_password');
INSERT INTO `log` VALUES (1662529403576963074, 1659939726386827265, 'com.qc.printers.controller.UserController.userPassword', NULL, '127.0.0.1', '2023-05-28 02:41:13', 'GET', '0', NULL, NULL, '/api/user/user_password');
INSERT INTO `log` VALUES (1662529408593350657, 1659939726386827265, 'com.qc.printers.controller.UserController.userPassword', NULL, '127.0.0.1', '2023-05-28 02:41:14', 'GET', '0', NULL, NULL, '/api/user/user_password');
INSERT INTO `log` VALUES (1662529412263366657, 1659939726386827265, 'com.qc.printers.controller.UserController.userPassword', NULL, '127.0.0.1', '2023-05-28 02:41:15', 'GET', '0', NULL, NULL, '/api/user/user_password');
INSERT INTO `log` VALUES (1662529416411533314, 1659939726386827265, 'com.qc.printers.controller.UserController.userPassword', NULL, '127.0.0.1', '2023-05-28 02:41:16', 'GET', '0', NULL, NULL, '/api/user/user_password');
INSERT INTO `log` VALUES (1662529421629247490, 1659939726386827265, 'com.qc.printers.controller.UserController.userPassword', NULL, '127.0.0.1', '2023-05-28 02:41:17', 'GET', '0', NULL, NULL, '/api/user/user_password');
INSERT INTO `log` VALUES (1662529425815162882, 1659939726386827265, 'com.qc.printers.controller.UserController.userPassword', NULL, '127.0.0.1', '2023-05-28 02:41:18', 'GET', '0', NULL, NULL, '/api/user/user_password');
INSERT INTO `log` VALUES (1662529430391148545, 1659939726386827265, 'com.qc.printers.controller.UserController.userPassword', NULL, '127.0.0.1', '2023-05-28 02:41:19', 'GET', '0', NULL, NULL, '/api/user/user_password');
INSERT INTO `log` VALUES (1662529434694504450, 1659939726386827265, 'com.qc.printers.controller.UserController.userPassword', NULL, '127.0.0.1', '2023-05-28 02:41:20', 'GET', '0', NULL, NULL, '/api/user/user_password');
INSERT INTO `log` VALUES (1662529438679093250, 1659939726386827265, 'com.qc.printers.controller.UserController.userPassword', NULL, '127.0.0.1', '2023-05-28 02:41:21', 'GET', '0', NULL, NULL, '/api/user/user_password');
INSERT INTO `log` VALUES (1662529442470744065, 1659939726386827265, 'com.qc.printers.controller.UserController.userPassword', NULL, '127.0.0.1', '2023-05-28 02:41:22', 'GET', '0', NULL, NULL, '/api/user/user_password');
INSERT INTO `log` VALUES (1662529455884128258, 1659939726386827265, 'com.qc.printers.controller.UserController.userPassword', NULL, '127.0.0.1', '2023-05-28 02:41:25', 'GET', '0', NULL, NULL, '/api/user/user_password');
INSERT INTO `log` VALUES (1662529461563215873, 1659939726386827265, 'com.qc.printers.controller.UserController.userPassword', NULL, '127.0.0.1', '2023-05-28 02:41:27', 'GET', '0', NULL, NULL, '/api/user/user_password');
INSERT INTO `log` VALUES (1662529604224077825, 1659939726386827265, 'com.qc.printers.controller.UserController.info', NULL, '127.0.0.1', '2023-05-28 02:42:01', 'POST', 'UserResult(id=1659939726386827265, username=admin, name=admin, phone=13986530157, sex=男, studentId=202115040212, status=1, createTime=2023-05-20T23:10:46, updateTime=2023-05-20T23:10:46, permission=10, permissionName=系统管理员, email=qc2003020401@163.com, avatar=http://10.15.245.1:9090/aistudio/18e956a8440341e3945bfb405953a396.png)', NULL, NULL, '/api/user/info');
INSERT INTO `log` VALUES (1662529910429241345, 1659939726386827265, 'com.qc.printers.controller.UserController.userPassword', NULL, '127.0.0.1', '2023-05-28 02:43:14', 'GET', '0', NULL, NULL, '/api/user/user_password');
INSERT INTO `log` VALUES (1662530030797377538, 1659939726386827265, 'com.qc.printers.controller.UserController.info', NULL, '127.0.0.1', '2023-05-28 02:43:42', 'POST', 'UserResult(id=1659939726386827265, username=admin, name=admin, phone=13986530157, sex=男, studentId=202115040212, status=1, createTime=2023-05-20T23:10:46, updateTime=2023-05-20T23:10:46, permission=10, permissionName=系统管理员, email=qc2003020401@163.com, avatar=http://10.15.245.1:9090/aistudio/18e956a8440341e3945bfb405953a396.png)', NULL, NULL, '/api/user/info');
INSERT INTO `log` VALUES (1662530041035673601, 1659939726386827265, 'com.qc.printers.controller.UserController.userPassword', NULL, '127.0.0.1', '2023-05-28 02:43:45', 'GET', '0', NULL, NULL, '/api/user/user_password');
INSERT INTO `log` VALUES (1662532875844112386, 1659939726386827265, 'com.qc.printers.controller.UserController.userPassword', NULL, '127.0.0.1', '2023-05-28 02:55:01', 'GET', '0', NULL, NULL, '/api/user/user_password');
INSERT INTO `log` VALUES (1662533028252536834, 1659939726386827265, 'com.qc.printers.controller.PrintController.getTodayPrintCount', NULL, '127.0.0.1', '2023-05-28 02:55:37', 'GET', '1', NULL, NULL, '/api/printer/day_print_count');
INSERT INTO `log` VALUES (1662533034749513729, 1659939726386827265, 'com.qc.printers.controller.PrintController.getTodayPrintCount', NULL, '127.0.0.1', '2023-05-28 02:55:39', 'GET', '1', NULL, NULL, '/api/printer/day_print_count');
INSERT INTO `log` VALUES (1662533042009853953, 1659939726386827265, 'com.qc.printers.controller.PrintController.getTodayPrintCount', NULL, '127.0.0.1', '2023-05-28 02:55:40', 'GET', '1', NULL, NULL, '/api/printer/day_print_count');
INSERT INTO `log` VALUES (1662533053904900098, 1659939726386827265, 'com.qc.printers.controller.PrintController.getTodayPrintCount', NULL, '127.0.0.1', '2023-05-28 02:55:43', 'GET', '1', NULL, NULL, '/api/printer/day_print_count');
INSERT INTO `log` VALUES (1662533062985568258, 1659939726386827265, 'com.qc.printers.controller.PrintController.getTodayPrintCount', NULL, '127.0.0.1', '2023-05-28 02:55:45', 'GET', '1', NULL, NULL, '/api/printer/day_print_count');
INSERT INTO `log` VALUES (1662533244976418817, 1659939726386827265, 'com.qc.printers.controller.PrintController.getTodayPrintCount', NULL, '127.0.0.1', '2023-05-28 02:56:29', 'GET', '1', NULL, NULL, '/api/printer/day_print_count');
INSERT INTO `log` VALUES (1662537924578168834, 1659939726386827265, 'com.qc.printers.controller.UserController.info', NULL, '127.0.0.1', '2023-05-28 03:15:04', 'POST', 'UserResult(id=1659939726386827265, username=admin, name=admin, phone=13986530157, sex=男, studentId=202115040212, status=1, createTime=2023-05-20T23:10:46, updateTime=2023-05-20T23:10:46, permission=10, permissionName=系统管理员, email=qc2003020401@163.com, avatar=http://10.15.245.1:9090/aistudio/18e956a8440341e3945bfb405953a396.png)', NULL, NULL, '/api/user/info');
INSERT INTO `log` VALUES (1662537932207607809, 1659939726386827265, 'com.qc.printers.controller.PrintController.getTodayPrintCount', NULL, '127.0.0.1', '2023-05-28 03:15:06', 'GET', '1', NULL, NULL, '/api/printer/day_print_count');
INSERT INTO `log` VALUES (1662544360934789122, 1659939726386827265, 'com.qc.printers.controller.UserController.info', NULL, '127.0.0.1', '2023-05-28 03:40:39', 'POST', 'UserResult(id=1659939726386827265, username=admin, name=admin, phone=13986530157, sex=男, studentId=202115040212, status=1, createTime=2023-05-20T23:10:46, updateTime=2023-05-20T23:10:46, permission=10, permissionName=系统管理员, email=qc2003020401@163.com, avatar=http://10.15.245.1:9090/aistudio/18e956a8440341e3945bfb405953a396.png)', NULL, NULL, '/api/user/info');
INSERT INTO `log` VALUES (1662544619173892098, 1659939726386827265, 'com.qc.printers.controller.UserController.info', NULL, '127.0.0.1', '2023-05-28 03:41:40', 'POST', 'UserResult(id=1659939726386827265, username=admin, name=admin, phone=13986530157, sex=男, studentId=202115040212, status=1, createTime=2023-05-20T23:10:46, updateTime=2023-05-20T23:10:46, permission=10, permissionName=系统管理员, email=qc2003020401@163.com, avatar=http://10.15.245.1:9090/aistudio/18e956a8440341e3945bfb405953a396.png)', NULL, NULL, '/api/user/info');
INSERT INTO `log` VALUES (1662545867365208066, 1659939726386827265, 'com.qc.printers.controller.UserController.info', NULL, '127.0.0.1', '2023-05-28 03:46:38', 'POST', 'UserResult(id=1659939726386827265, username=admin, name=admin, phone=13986530157, sex=男, studentId=202115040212, status=1, createTime=2023-05-20T23:10:46, updateTime=2023-05-20T23:10:46, permission=10, permissionName=系统管理员, email=qc2003020401@163.com, avatar=http://10.15.245.1:9090/aistudio/18e956a8440341e3945bfb405953a396.png)', NULL, NULL, '/api/user/info');
INSERT INTO `log` VALUES (1662545875464409090, 1659939726386827265, 'com.qc.printers.controller.PrintController.getTodayPrintCount', NULL, '127.0.0.1', '2023-05-28 03:46:40', 'GET', '1', NULL, NULL, '/api/printer/day_print_count');
INSERT INTO `log` VALUES (1662545976194813953, 1659939726386827265, 'com.qc.printers.controller.PrintController.getTodayPrintCount', NULL, '127.0.0.1', '2023-05-28 03:47:04', 'GET', '1', NULL, NULL, '/api/printer/day_print_count');
INSERT INTO `log` VALUES (1662545995736076290, 1659939726386827265, 'com.qc.printers.controller.UserController.userPassword', NULL, '127.0.0.1', '2023-05-28 03:47:09', 'GET', '0', NULL, NULL, '/api/user/user_password');
INSERT INTO `log` VALUES (1662546044775878657, 1659939726386827265, 'com.qc.printers.controller.PrintController.getTodayPrintCount', NULL, '127.0.0.1', '2023-05-28 03:47:20', 'GET', '1', NULL, NULL, '/api/printer/day_print_count');
INSERT INTO `log` VALUES (1662553145359257602, 1659939726386827265, 'com.qc.printers.controller.UserController.info', NULL, '127.0.0.1', '2023-05-28 04:15:33', 'POST', 'UserResult(id=1659939726386827265, username=admin, name=admin, phone=13986530157, sex=男, studentId=202115040212, status=1, createTime=2023-05-20T23:10:46, updateTime=2023-05-20T23:10:46, permission=10, permissionName=系统管理员, email=qc2003020401@163.com, avatar=http://10.15.245.1:9090/aistudio/18e956a8440341e3945bfb405953a396.png)', NULL, NULL, '/api/user/info');
INSERT INTO `log` VALUES (1662553161335361538, 1659939726386827265, 'com.qc.printers.controller.PrintController.getTodayPrintCount', NULL, '127.0.0.1', '2023-05-28 04:15:37', 'GET', '1', NULL, NULL, '/api/printer/day_print_count');
INSERT INTO `log` VALUES (1662553258890678274, 1659939726386827265, 'com.qc.printers.controller.UserController.info', NULL, '127.0.0.1', '2023-05-28 04:16:00', 'POST', 'UserResult(id=1659939726386827265, username=admin, name=admin, phone=13986530157, sex=男, studentId=202115040212, status=1, createTime=2023-05-20T23:10:46, updateTime=2023-05-20T23:10:46, permission=10, permissionName=系统管理员, email=qc2003020401@163.com, avatar=http://10.15.245.1:9090/aistudio/18e956a8440341e3945bfb405953a396.png)', NULL, NULL, '/api/user/info');
INSERT INTO `log` VALUES (1662554263757836290, 1659939726386827265, 'com.qc.printers.controller.UserController.info', NULL, '127.0.0.1', '2023-05-28 04:20:00', 'POST', 'UserResult(id=1659939726386827265, username=admin, name=admin, phone=13986530157, sex=男, studentId=202115040212, status=1, createTime=2023-05-20T23:10:46, updateTime=2023-05-20T23:10:46, permission=10, permissionName=系统管理员, email=qc2003020401@163.com, avatar=http://10.15.245.1:9090/aistudio/18e956a8440341e3945bfb405953a396.png)', NULL, NULL, '/api/user/info');
INSERT INTO `log` VALUES (1662554271815094274, 1659939726386827265, 'com.qc.printers.controller.PrintController.getTodayPrintCount', NULL, '127.0.0.1', '2023-05-28 04:20:02', 'GET', '1', NULL, NULL, '/api/printer/day_print_count');
INSERT INTO `log` VALUES (1662555038496116737, 1659939726386827265, 'com.qc.printers.controller.UserController.info', NULL, '127.0.0.1', '2023-05-28 04:23:05', 'POST', 'UserResult(id=1659939726386827265, username=admin, name=admin, phone=13986530157, sex=男, studentId=202115040212, status=1, createTime=2023-05-20T23:10:46, updateTime=2023-05-20T23:10:46, permission=10, permissionName=系统管理员, email=qc2003020401@163.com, avatar=http://10.15.245.1:9090/aistudio/18e956a8440341e3945bfb405953a396.png)', NULL, NULL, '/api/user/info');
INSERT INTO `log` VALUES (1662555039414669313, 1659939726386827265, 'com.qc.printers.controller.PrintController.getTodayPrintCount', NULL, '127.0.0.1', '2023-05-28 04:23:05', 'GET', '1', NULL, NULL, '/api/printer/day_print_count');
INSERT INTO `log` VALUES (1662555331073986561, 1659939726386827265, 'com.qc.printers.controller.UserController.info', NULL, '127.0.0.1', '2023-05-28 04:24:14', 'POST', 'UserResult(id=1659939726386827265, username=admin, name=admin, phone=13986530157, sex=男, studentId=202115040212, status=1, createTime=2023-05-20T23:10:46, updateTime=2023-05-20T23:10:46, permission=10, permissionName=系统管理员, email=qc2003020401@163.com, avatar=http://10.15.245.1:9090/aistudio/18e956a8440341e3945bfb405953a396.png)', NULL, NULL, '/api/user/info');
INSERT INTO `log` VALUES (1662555453870624769, 1659939726386827265, 'com.qc.printers.controller.PrintController.getTodayPrintCount', NULL, '127.0.0.1', '2023-05-28 04:24:44', 'GET', '1', NULL, NULL, '/api/printer/day_print_count');
INSERT INTO `log` VALUES (1662555471662862338, 1659939726386827265, 'com.qc.printers.controller.PrintController.getTodayPrintCount', NULL, '127.0.0.1', '2023-05-28 04:24:48', 'GET', '1', NULL, NULL, '/api/printer/day_print_count');
INSERT INTO `log` VALUES (1662555482643550210, 1659939726386827265, 'com.qc.printers.controller.PrintController.getTodayPrintCount', NULL, '127.0.0.1', '2023-05-28 04:24:51', 'GET', '1', NULL, NULL, '/api/printer/day_print_count');
INSERT INTO `log` VALUES (1662555496962904065, 1659939726386827265, 'com.qc.printers.controller.PrintController.getTodayPrintCount', NULL, '127.0.0.1', '2023-05-28 04:24:54', 'GET', '1', NULL, NULL, '/api/printer/day_print_count');
INSERT INTO `log` VALUES (1662555537819619330, 1659939726386827265, 'com.qc.printers.controller.UserController.info', NULL, '127.0.0.1', '2023-05-28 04:25:04', 'POST', 'UserResult(id=1659939726386827265, username=admin, name=admin, phone=13986530157, sex=男, studentId=202115040212, status=1, createTime=2023-05-20T23:10:46, updateTime=2023-05-20T23:10:46, permission=10, permissionName=系统管理员, email=qc2003020401@163.com, avatar=http://10.15.245.1:9090/aistudio/18e956a8440341e3945bfb405953a396.png)', NULL, NULL, '/api/user/info');
INSERT INTO `log` VALUES (1662555610586599425, 1659939726386827265, 'com.qc.printers.controller.UserController.info', NULL, '127.0.0.1', '2023-05-28 04:25:21', 'POST', 'UserResult(id=1659939726386827265, username=admin, name=admin, phone=13986530157, sex=男, studentId=202115040212, status=1, createTime=2023-05-20T23:10:46, updateTime=2023-05-20T23:10:46, permission=10, permissionName=系统管理员, email=qc2003020401@163.com, avatar=http://10.15.245.1:9090/aistudio/18e956a8440341e3945bfb405953a396.png)', NULL, NULL, '/api/user/info');
INSERT INTO `log` VALUES (1662799759504101378, 1659939726386827265, 'com.qc.printers.controller.UserController.info', NULL, '127.0.0.1', '2023-05-28 20:35:31', 'POST', 'UserResult(id=1659939726386827265, username=admin, name=admin, phone=13986530157, sex=男, studentId=202115040212, status=1, createTime=2023-05-20T23:10:46, updateTime=2023-05-20T23:10:46, permission=10, permissionName=系统管理员, email=qc2003020401@163.com, avatar=http://10.15.245.1:9090/aistudio/18e956a8440341e3945bfb405953a396.png)', NULL, NULL, '/api/user/info');
INSERT INTO `log` VALUES (1662799781016686594, 1659939726386827265, 'com.qc.printers.controller.PrintController.getTodayPrintCount', NULL, '127.0.0.1', '2023-05-28 20:35:36', 'GET', '0', NULL, NULL, '/api/printer/day_print_count');
INSERT INTO `log` VALUES (1662801217574195201, 1659939726386827265, 'com.qc.printers.controller.UserController.info', NULL, '127.0.0.1', '2023-05-28 20:41:18', 'POST', 'UserResult(id=1659939726386827265, username=admin, name=admin, phone=13986530157, sex=男, studentId=202115040212, status=1, createTime=2023-05-20T23:10:46, updateTime=2023-05-20T23:10:46, permission=10, permissionName=系统管理员, email=qc2003020401@163.com, avatar=http://10.15.245.1:9090/aistudio/18e956a8440341e3945bfb405953a396.png)', NULL, NULL, '/api/user/info');
INSERT INTO `log` VALUES (1662801218807320578, 1659939726386827265, 'com.qc.printers.controller.PrintController.getTodayPrintCount', NULL, '127.0.0.1', '2023-05-28 20:41:19', 'GET', '0', NULL, NULL, '/api/printer/day_print_count');
INSERT INTO `log` VALUES (1662801494322761729, 1659939726386827265, 'com.qc.printers.controller.UserController.info', NULL, '127.0.0.1', '2023-05-28 20:42:24', 'POST', 'UserResult(id=1659939726386827265, username=admin, name=admin, phone=13986530157, sex=男, studentId=202115040212, status=1, createTime=2023-05-20T23:10:46, updateTime=2023-05-20T23:10:46, permission=10, permissionName=系统管理员, email=qc2003020401@163.com, avatar=http://10.15.245.1:9090/aistudio/18e956a8440341e3945bfb405953a396.png)', NULL, NULL, '/api/user/info');
INSERT INTO `log` VALUES (1662801495555887105, 1659939726386827265, 'com.qc.printers.controller.PrintController.getTodayPrintCount', NULL, '127.0.0.1', '2023-05-28 20:42:25', 'GET', '0', NULL, NULL, '/api/printer/day_print_count');
INSERT INTO `log` VALUES (1662801648895447041, 1659939726386827265, 'com.qc.printers.controller.PrintController.getTodayPrintCount', NULL, '127.0.0.1', '2023-05-28 20:43:01', 'GET', '0', NULL, NULL, '/api/printer/day_print_count');
INSERT INTO `log` VALUES (1662801662216556545, 1659939726386827265, 'com.qc.printers.controller.UserController.userPassword', NULL, '127.0.0.1', '2023-05-28 20:43:04', 'GET', '0', NULL, NULL, '/api/user/user_password');
INSERT INTO `log` VALUES (1662801669741137922, 1659939726386827265, 'com.qc.printers.controller.PrintController.getTodayPrintCount', NULL, '127.0.0.1', '2023-05-28 20:43:06', 'GET', '0', NULL, NULL, '/api/printer/day_print_count');
INSERT INTO `log` VALUES (1663177223149539329, 1659939726386827265, 'com.qc.printers.controller.UserController.info', NULL, '127.0.0.1', '2023-05-29 21:35:25', 'POST', 'UserResult(id=1659939726386827265, username=admin, name=admin, phone=13986530157, sex=男, studentId=202115040212, status=1, createTime=2023-05-20T23:10:46, updateTime=2023-05-20T23:10:46, permission=10, permissionName=系统管理员, email=qc2003020401@163.com, avatar=http://10.15.245.1:9090/aistudio/18e956a8440341e3945bfb405953a396.png)', NULL, NULL, '/api/user/info');
INSERT INTO `log` VALUES (1663177247459725313, 1659939726386827265, 'com.qc.printers.controller.PrintController.getTodayPrintCount', NULL, '127.0.0.1', '2023-05-29 21:35:31', 'GET', '0', NULL, NULL, '/api/printer/day_print_count');
INSERT INTO `log` VALUES (1663177289474068482, 1659939726386827265, 'com.qc.printers.controller.UserController.info', NULL, '127.0.0.1', '2023-05-29 21:35:41', 'POST', 'UserResult(id=1659939726386827265, username=admin, name=admin, phone=13986530157, sex=男, studentId=202115040212, status=1, createTime=2023-05-20T23:10:46, updateTime=2023-05-20T23:10:46, permission=10, permissionName=系统管理员, email=qc2003020401@163.com, avatar=http://10.15.245.1:9090/aistudio/18e956a8440341e3945bfb405953a396.png)', NULL, NULL, '/api/user/info');
INSERT INTO `log` VALUES (1663177656983179265, 1659939726386827265, 'com.qc.printers.controller.UserController.info', NULL, '127.0.0.1', '2023-05-29 21:37:08', 'POST', 'UserResult(id=1659939726386827265, username=admin, name=admin, phone=13986530157, sex=男, studentId=202115040212, status=1, createTime=2023-05-20T23:10:46, updateTime=2023-05-20T23:10:46, permission=10, permissionName=系统管理员, email=qc2003020401@163.com, avatar=http://10.15.245.1:9090/aistudio/18e956a8440341e3945bfb405953a396.png)', NULL, NULL, '/api/user/info');
INSERT INTO `log` VALUES (1663179933655584770, 1659939726386827265, 'com.qc.printers.controller.UserController.info', NULL, '127.0.0.1', '2023-05-29 21:46:11', 'POST', 'UserResult(id=1659939726386827265, username=admin, name=admin, phone=13986530157, sex=男, studentId=202115040212, status=1, createTime=2023-05-20T23:10:46, updateTime=2023-05-20T23:10:46, permission=10, permissionName=系统管理员, email=qc2003020401@163.com, avatar=http://10.15.245.1:9090/aistudio/18e956a8440341e3945bfb405953a396.png)', NULL, NULL, '/api/user/info');
INSERT INTO `log` VALUES (1663181532180336641, 1659939726386827265, 'com.qc.printers.controller.UserController.info', NULL, '127.0.0.1', '2023-05-29 21:52:32', 'POST', 'UserResult(id=1659939726386827265, username=admin, name=admin, phone=13986530157, sex=男, studentId=202115040212, status=1, createTime=2023-05-20T23:10:46, updateTime=2023-05-20T23:10:46, permission=10, permissionName=系统管理员, email=qc2003020401@163.com, avatar=http://10.15.245.1:9090/aistudio/18e956a8440341e3945bfb405953a396.png)', NULL, NULL, '/api/user/info');
INSERT INTO `log` VALUES (1663181566296805377, 1659939726386827265, 'com.qc.printers.controller.UserController.info', NULL, '127.0.0.1', '2023-05-29 21:52:40', 'POST', 'UserResult(id=1659939726386827265, username=admin, name=admin, phone=13986530157, sex=男, studentId=202115040212, status=1, createTime=2023-05-20T23:10:46, updateTime=2023-05-20T23:10:46, permission=10, permissionName=系统管理员, email=qc2003020401@163.com, avatar=http://10.15.245.1:9090/aistudio/18e956a8440341e3945bfb405953a396.png)', NULL, NULL, '/api/user/info');
INSERT INTO `log` VALUES (1663181762812530689, 1659939726386827265, 'com.qc.printers.controller.UserController.info', NULL, '127.0.0.1', '2023-05-29 21:53:27', 'POST', 'UserResult(id=1659939726386827265, username=admin, name=admin, phone=13986530157, sex=男, studentId=202115040212, status=1, createTime=2023-05-20T23:10:46, updateTime=2023-05-20T23:10:46, permission=10, permissionName=系统管理员, email=qc2003020401@163.com, avatar=http://10.15.245.1:9090/aistudio/18e956a8440341e3945bfb405953a396.png)', NULL, NULL, '/api/user/info');
INSERT INTO `log` VALUES (1663182452905562114, 1659939726386827265, 'com.qc.printers.controller.UserController.info', NULL, '127.0.0.1', '2023-05-29 21:56:12', 'POST', 'UserResult(id=1659939726386827265, username=admin, name=admin, phone=13986530157, sex=男, studentId=202115040212, status=1, createTime=2023-05-20T23:10:46, updateTime=2023-05-20T23:10:46, permission=10, permissionName=系统管理员, email=qc2003020401@163.com, avatar=http://10.15.245.1:9090/aistudio/18e956a8440341e3945bfb405953a396.png)', NULL, NULL, '/api/user/info');
INSERT INTO `log` VALUES (1663182484694192129, 1659939726386827265, 'com.qc.printers.controller.UserController.info', NULL, '127.0.0.1', '2023-05-29 21:56:19', 'POST', 'UserResult(id=1659939726386827265, username=admin, name=admin, phone=13986530157, sex=男, studentId=202115040212, status=1, createTime=2023-05-20T23:10:46, updateTime=2023-05-20T23:10:46, permission=10, permissionName=系统管理员, email=qc2003020401@163.com, avatar=http://10.15.245.1:9090/aistudio/18e956a8440341e3945bfb405953a396.png)', NULL, NULL, '/api/user/info');
INSERT INTO `log` VALUES (1663182519892791297, 1659939726386827265, 'com.qc.printers.controller.UserController.info', NULL, '127.0.0.1', '2023-05-29 21:56:28', 'POST', 'UserResult(id=1659939726386827265, username=admin, name=admin, phone=13986530157, sex=男, studentId=202115040212, status=1, createTime=2023-05-20T23:10:46, updateTime=2023-05-20T23:10:46, permission=10, permissionName=系统管理员, email=qc2003020401@163.com, avatar=http://10.15.245.1:9090/aistudio/18e956a8440341e3945bfb405953a396.png)', NULL, NULL, '/api/user/info');
INSERT INTO `log` VALUES (1663182659877687298, 1659939726386827265, 'com.qc.printers.controller.UserController.info', NULL, '127.0.0.1', '2023-05-29 21:57:01', 'POST', 'UserResult(id=1659939726386827265, username=admin, name=admin, phone=13986530157, sex=男, studentId=202115040212, status=1, createTime=2023-05-20T23:10:46, updateTime=2023-05-20T23:10:46, permission=10, permissionName=系统管理员, email=qc2003020401@163.com, avatar=http://10.15.245.1:9090/aistudio/18e956a8440341e3945bfb405953a396.png)', NULL, NULL, '/api/user/info');
INSERT INTO `log` VALUES (1663183096269852673, 1659939726386827265, 'com.qc.printers.controller.UserController.info', NULL, '127.0.0.1', '2023-05-29 21:58:45', 'POST', 'UserResult(id=1659939726386827265, username=admin, name=admin, phone=13986530157, sex=男, studentId=202115040212, status=1, createTime=2023-05-20T23:10:46, updateTime=2023-05-20T23:10:46, permission=10, permissionName=系统管理员, email=qc2003020401@163.com, avatar=http://10.15.245.1:9090/aistudio/18e956a8440341e3945bfb405953a396.png)', NULL, NULL, '/api/user/info');
INSERT INTO `log` VALUES (1663183203589509121, 1659939726386827265, 'com.qc.printers.controller.UserController.info', NULL, '127.0.0.1', '2023-05-29 21:59:11', 'POST', 'UserResult(id=1659939726386827265, username=admin, name=admin, phone=13986530157, sex=男, studentId=202115040212, status=1, createTime=2023-05-20T23:10:46, updateTime=2023-05-20T23:10:46, permission=10, permissionName=系统管理员, email=qc2003020401@163.com, avatar=http://10.15.245.1:9090/aistudio/18e956a8440341e3945bfb405953a396.png)', NULL, NULL, '/api/user/info');
INSERT INTO `log` VALUES (1663411149315067905, 1659939726386827265, 'com.qc.printers.controller.UserController.info', NULL, '127.0.0.1', '2023-05-30 13:04:57', 'POST', 'UserResult(id=1659939726386827265, username=admin, name=admin, phone=13986530157, sex=男, studentId=202115040212, status=1, createTime=2023-05-20T23:10:46, updateTime=2023-05-20T23:10:46, permission=10, permissionName=系统管理员, email=qc2003020401@163.com, avatar=http://10.15.245.1:9090/aistudio/18e956a8440341e3945bfb405953a396.png)', NULL, NULL, '/api/user/info');
INSERT INTO `log` VALUES (1663411166247473153, 1659939726386827265, 'com.qc.printers.controller.PrintController.getTodayPrintCount', NULL, '127.0.0.1', '2023-05-30 13:05:01', 'GET', '0', NULL, NULL, '/api/printer/day_print_count');
INSERT INTO `log` VALUES (1663411198845603841, 1659939726386827265, 'com.qc.printers.controller.UserController.info', NULL, '127.0.0.1', '2023-05-30 13:05:09', 'POST', 'UserResult(id=1659939726386827265, username=admin, name=admin, phone=13986530157, sex=女, studentId=202115040212, status=1, createTime=2023-05-20T23:10:46, updateTime=2023-05-20T23:10:46, permission=10, permissionName=系统管理员, email=qc2003020401@163.com, avatar=http://10.15.245.1:9090/aistudio/18e956a8440341e3945bfb405953a396.png)', NULL, NULL, '/api/user/info');
INSERT INTO `log` VALUES (1663411213244649474, 1659939726386827265, 'com.qc.printers.controller.UserController.info', NULL, '127.0.0.1', '2023-05-30 13:05:13', 'POST', 'UserResult(id=1659939726386827265, username=admin, name=admin, phone=13986530157, sex=男, studentId=202115040212, status=1, createTime=2023-05-20T23:10:46, updateTime=2023-05-20T23:10:46, permission=10, permissionName=系统管理员, email=qc2003020401@163.com, avatar=http://10.15.245.1:9090/aistudio/18e956a8440341e3945bfb405953a396.png)', NULL, NULL, '/api/user/info');
INSERT INTO `log` VALUES (1663411229308833793, 1659939726386827265, 'com.qc.printers.controller.UserController.userPassword', NULL, '127.0.0.1', '2023-05-30 13:05:16', 'GET', '0', NULL, NULL, '/api/user/user_password');
INSERT INTO `log` VALUES (1663411298619707394, 1659939726386827265, 'com.qc.printers.controller.UserController.info', NULL, '127.0.0.1', '2023-05-30 13:05:33', 'POST', 'UserResult(id=1659939726386827265, username=admin, name=admin, phone=13986530157, sex=男, studentId=202115040212, status=1, createTime=2023-05-20T23:10:46, updateTime=2023-05-20T23:10:46, permission=10, permissionName=系统管理员, email=qc2003020401@163.com, avatar=http://10.15.245.1:9090/aistudio/18e956a8440341e3945bfb405953a396.png)', NULL, NULL, '/api/user/info');
INSERT INTO `log` VALUES (1663411532800282626, 1659939726386827265, 'com.qc.printers.controller.UserController.info', NULL, '127.0.0.1', '2023-05-30 13:06:29', 'POST', 'UserResult(id=1659939726386827265, username=admin, name=admin, phone=13986530157, sex=男, studentId=202115040212, status=1, createTime=2023-05-20T23:10:46, updateTime=2023-05-20T23:10:46, permission=10, permissionName=系统管理员, email=qc2003020401@163.com, avatar=http://10.15.245.1:9090/aistudio/18e956a8440341e3945bfb405953a396.png)', NULL, NULL, '/api/user/info');
INSERT INTO `log` VALUES (1663511695497711617, 1659939726386827265, 'com.qc.printers.controller.UserController.info', NULL, '127.0.0.1', '2023-05-30 19:44:29', 'POST', 'UserResult(id=1659939726386827265, username=admin, name=admin, phone=13986530157, sex=男, studentId=202115040212, status=1, createTime=2023-05-20T23:10:46, updateTime=2023-05-20T23:10:46, permission=10, permissionName=系统管理员, email=qc2003020401@163.com, avatar=http://10.15.245.1:9090/aistudio/18e956a8440341e3945bfb405953a396.png)', NULL, NULL, '/api/user/info');
INSERT INTO `log` VALUES (1663511697066381313, 1659939726386827265, 'com.qc.printers.controller.PrintController.getTodayPrintCount', NULL, '127.0.0.1', '2023-05-30 19:44:30', 'GET', '0', NULL, NULL, '/api/printer/day_print_count');
INSERT INTO `log` VALUES (1663511782588239874, 1659939726386827265, 'com.qc.printers.controller.UserController.info', NULL, '127.0.0.1', '2023-05-30 19:44:50', 'POST', 'UserResult(id=1659939726386827265, username=admin, name=admin, phone=13986530157, sex=男, studentId=202115040212, status=1, createTime=2023-05-20T23:10:46, updateTime=2023-05-20T23:10:46, permission=10, permissionName=系统管理员, email=qc2003020401@163.com, avatar=http://10.15.245.1:9090/aistudio/18e956a8440341e3945bfb405953a396.png)', NULL, NULL, '/api/user/info');
INSERT INTO `log` VALUES (1663511783846531074, 1659939726386827265, 'com.qc.printers.controller.PrintController.getTodayPrintCount', NULL, '127.0.0.1', '2023-05-30 19:44:50', 'GET', '0', NULL, NULL, '/api/printer/day_print_count');
INSERT INTO `log` VALUES (1663511845154672642, 1659939726386827265, 'com.qc.printers.controller.UserController.info', NULL, '127.0.0.1', '2023-05-30 19:45:05', 'POST', 'UserResult(id=1659939726386827265, username=admin, name=admin, phone=13986530157, sex=男, studentId=202115040212, status=1, createTime=2023-05-20T23:10:46, updateTime=2023-05-20T23:10:46, permission=10, permissionName=系统管理员, email=qc2003020401@163.com, avatar=http://10.15.245.1:9090/aistudio/18e956a8440341e3945bfb405953a396.png)', NULL, NULL, '/api/user/info');
INSERT INTO `log` VALUES (1663513464564875266, 1659939726386827265, 'com.qc.printers.controller.UserController.info', NULL, '192.168.12.132', '2023-05-30 19:51:31', 'POST', 'UserResult(id=1659939726386827265, username=admin, name=admin, phone=13986530157, sex=男, studentId=202115040212, status=1, createTime=2023-05-20T23:10:46, updateTime=2023-05-20T23:10:46, permission=10, permissionName=系统管理员, email=qc2003020401@163.com, avatar=http://10.15.245.1:9090/aistudio/18e956a8440341e3945bfb405953a396.png)', NULL, NULL, '/api/user/info');
INSERT INTO `log` VALUES (1663513465441484801, 1659939726386827265, 'com.qc.printers.controller.PrintController.getTodayPrintCount', NULL, '192.168.12.132', '2023-05-30 19:51:31', 'GET', '0', NULL, NULL, '/api/printer/day_print_count');
INSERT INTO `log` VALUES (1663513953528446978, 1659939726386827265, 'com.qc.printers.controller.UserController.info', NULL, '192.168.12.132', '2023-05-30 19:53:28', 'POST', 'UserResult(id=1659939726386827265, username=admin, name=admin, phone=13986530157, sex=男, studentId=202115040212, status=1, createTime=2023-05-20T23:10:46, updateTime=2023-05-20T23:10:46, permission=10, permissionName=系统管理员, email=qc2003020401@163.com, avatar=http://10.15.245.1:9090/aistudio/18e956a8440341e3945bfb405953a396.png)', NULL, NULL, '/api/user/info');
INSERT INTO `log` VALUES (1663513954346336257, 1659939726386827265, 'com.qc.printers.controller.PrintController.getTodayPrintCount', NULL, '192.168.12.132', '2023-05-30 19:53:28', 'GET', '0', NULL, NULL, '/api/printer/day_print_count');
INSERT INTO `log` VALUES (1663524216122114050, 1659939726386827265, 'com.qc.printers.controller.UserController.info', NULL, '192.168.12.132', '2023-05-30 20:34:15', 'POST', 'UserResult(id=1659939726386827265, username=admin, name=admin, phone=13986530157, sex=男, studentId=202115040212, status=1, createTime=2023-05-20T23:10:46, updateTime=2023-05-20T23:10:46, permission=10, permissionName=系统管理员, email=qc2003020401@163.com, avatar=http://10.15.245.1:9090/aistudio/18e956a8440341e3945bfb405953a396.png)', NULL, NULL, '/api/user/info');
INSERT INTO `log` VALUES (1663524216759648257, 1659939726386827265, 'com.qc.printers.controller.PrintController.getTodayPrintCount', NULL, '192.168.12.132', '2023-05-30 20:34:15', 'GET', '0', NULL, NULL, '/api/printer/day_print_count');
INSERT INTO `log` VALUES (1663524414525276161, 1659939726386827265, 'com.qc.printers.controller.UserController.info', NULL, '192.168.12.132', '2023-05-30 20:35:02', 'POST', 'UserResult(id=1659939726386827265, username=admin, name=admin, phone=13986530157, sex=男, studentId=202115040212, status=1, createTime=2023-05-20T23:10:46, updateTime=2023-05-20T23:10:46, permission=10, permissionName=系统管理员, email=qc2003020401@163.com, avatar=http://10.15.245.1:9090/aistudio/18e956a8440341e3945bfb405953a396.png)', NULL, NULL, '/api/user/info');
INSERT INTO `log` VALUES (1663526697906556930, 1659939726386827265, 'com.qc.printers.controller.UserController.info', NULL, '127.0.0.1', '2023-05-30 20:44:06', 'POST', 'UserResult(id=1659939726386827265, username=admin, name=admin, phone=13986530157, sex=男, studentId=202115040212, status=1, createTime=2023-05-20T23:10:46, updateTime=2023-05-20T23:10:46, permission=10, permissionName=系统管理员, email=qc2003020401@163.com, avatar=http://10.15.245.1:9090/aistudio/18e956a8440341e3945bfb405953a396.png)', NULL, NULL, '/api/user/info');
INSERT INTO `log` VALUES (1663526716969668610, 1659939726386827265, 'com.qc.printers.controller.UserController.info', NULL, '127.0.0.1', '2023-05-30 20:44:11', 'POST', 'UserResult(id=1659939726386827265, username=admin, name=admin, phone=13986530157, sex=男, studentId=202115040212, status=1, createTime=2023-05-20T23:10:46, updateTime=2023-05-20T23:10:46, permission=10, permissionName=系统管理员, email=qc2003020401@163.com, avatar=http://10.15.245.1:9090/aistudio/18e956a8440341e3945bfb405953a396.png)', NULL, NULL, '/api/user/info');
INSERT INTO `log` VALUES (1663531943034703874, 1659939726386827265, 'com.qc.printers.controller.UserController.info', NULL, '127.0.0.1', '2023-05-30 21:04:57', 'POST', 'UserResult(id=1659939726386827265, username=admin, name=admin, phone=13986530157, sex=男, studentId=202115040212, status=1, createTime=2023-05-20T23:10:46, updateTime=2023-05-20T23:10:46, permission=10, permissionName=系统管理员, email=qc2003020401@163.com, avatar=http://10.15.245.1:9090/aistudio/18e956a8440341e3945bfb405953a396.png)', NULL, NULL, '/api/user/info');
INSERT INTO `log` VALUES (1663531965151268865, 1659939726386827265, 'com.qc.printers.controller.UserController.info', NULL, '127.0.0.1', '2023-05-30 21:05:02', 'POST', 'UserResult(id=1659939726386827265, username=admin, name=admin, phone=13986530157, sex=男, studentId=202115040212, status=1, createTime=2023-05-20T23:10:46, updateTime=2023-05-20T23:10:46, permission=10, permissionName=系统管理员, email=qc2003020401@163.com, avatar=http://10.15.245.1:9090/aistudio/18e956a8440341e3945bfb405953a396.png)', NULL, NULL, '/api/user/info');
INSERT INTO `log` VALUES (1663531987464966146, 1659939726386827265, 'com.qc.printers.controller.UserController.info', NULL, '127.0.0.1', '2023-05-30 21:05:07', 'POST', 'UserResult(id=1659939726386827265, username=admin, name=admin, phone=13986530157, sex=男, studentId=202115040212, status=1, createTime=2023-05-20T23:10:46, updateTime=2023-05-20T23:10:46, permission=10, permissionName=系统管理员, email=qc2003020401@163.com, avatar=http://10.15.245.1:9090/aistudio/18e956a8440341e3945bfb405953a396.png)', NULL, NULL, '/api/user/info');
INSERT INTO `log` VALUES (1663532044499111938, 1659939726386827265, 'com.qc.printers.controller.UserController.info', NULL, '127.0.0.1', '2023-05-30 21:05:21', 'POST', 'UserResult(id=1659939726386827265, username=admin, name=admin, phone=13986530157, sex=男, studentId=202115040212, status=1, createTime=2023-05-20T23:10:46, updateTime=2023-05-20T23:10:46, permission=10, permissionName=系统管理员, email=qc2003020401@163.com, avatar=http://10.15.245.1:9090/aistudio/18e956a8440341e3945bfb405953a396.png)', NULL, NULL, '/api/user/info');
INSERT INTO `log` VALUES (1663532045254086658, 1659939726386827265, 'com.qc.printers.controller.PrintController.getTodayPrintCount', NULL, '127.0.0.1', '2023-05-30 21:05:21', 'GET', '0', NULL, NULL, '/api/printer/day_print_count');
INSERT INTO `log` VALUES (1663532156373782530, 1659939726386827265, 'com.qc.printers.controller.UserController.info', NULL, '127.0.0.1', '2023-05-30 21:05:48', 'POST', 'UserResult(id=1659939726386827265, username=admin, name=admin, phone=13986530157, sex=男, studentId=202115040212, status=1, createTime=2023-05-20T23:10:46, updateTime=2023-05-20T23:10:46, permission=10, permissionName=系统管理员, email=qc2003020401@163.com, avatar=http://10.15.245.1:9090/aistudio/18e956a8440341e3945bfb405953a396.png)', NULL, NULL, '/api/user/info');
INSERT INTO `log` VALUES (1663532157128757249, 1659939726386827265, 'com.qc.printers.controller.PrintController.getTodayPrintCount', NULL, '127.0.0.1', '2023-05-30 21:05:48', 'GET', '0', NULL, NULL, '/api/printer/day_print_count');
INSERT INTO `log` VALUES (1663532193627590657, 1659939726386827265, 'com.qc.printers.controller.UserController.info', NULL, '127.0.0.1', '2023-05-30 21:05:57', 'POST', 'UserResult(id=1659939726386827265, username=admin, name=admin, phone=13986530157, sex=男, studentId=202115040212, status=1, createTime=2023-05-20T23:10:46, updateTime=2023-05-20T23:10:46, permission=10, permissionName=系统管理员, email=qc2003020401@163.com, avatar=http://10.15.245.1:9090/aistudio/18e956a8440341e3945bfb405953a396.png)', NULL, NULL, '/api/user/info');
INSERT INTO `log` VALUES (1663532287483531265, 1659939726386827265, 'com.qc.printers.controller.UserController.info', NULL, '127.0.0.1', '2023-05-30 21:06:19', 'POST', 'UserResult(id=1659939726386827265, username=admin, name=admin, phone=13986530157, sex=男, studentId=202115040212, status=1, createTime=2023-05-20T23:10:46, updateTime=2023-05-20T23:10:46, permission=10, permissionName=系统管理员, email=qc2003020401@163.com, avatar=http://10.15.245.1:9090/aistudio/18e956a8440341e3945bfb405953a396.png)', NULL, NULL, '/api/user/info');
INSERT INTO `log` VALUES (1663532294911643649, 1659939726386827265, 'com.qc.printers.controller.PrintController.getTodayPrintCount', NULL, '127.0.0.1', '2023-05-30 21:06:21', 'GET', '0', NULL, NULL, '/api/printer/day_print_count');
INSERT INTO `log` VALUES (1663532837545529345, 1659939726386827265, 'com.qc.printers.controller.UserController.info', NULL, '127.0.0.1', '2023-05-30 21:08:30', 'POST', 'UserResult(id=1659939726386827265, username=admin, name=admin, phone=13986530157, sex=男, studentId=202115040212, status=1, createTime=2023-05-20T23:10:46, updateTime=2023-05-20T23:10:46, permission=10, permissionName=系统管理员, email=qc2003020401@163.com, avatar=http://10.15.245.1:9090/aistudio/18e956a8440341e3945bfb405953a396.png)', NULL, NULL, '/api/user/info');
INSERT INTO `log` VALUES (1663532847196622849, 1659939726386827265, 'com.qc.printers.controller.UserController.info', NULL, '127.0.0.1', '2023-05-30 21:08:32', 'POST', 'UserResult(id=1659939726386827265, username=admin, name=admin, phone=13986530157, sex=男, studentId=202115040212, status=1, createTime=2023-05-20T23:10:46, updateTime=2023-05-20T23:10:46, permission=10, permissionName=系统管理员, email=qc2003020401@163.com, avatar=http://10.15.245.1:9090/aistudio/18e956a8440341e3945bfb405953a396.png)', NULL, NULL, '/api/user/info');
INSERT INTO `log` VALUES (1663533832186974210, 1659939726386827265, 'com.qc.printers.controller.UserController.info', NULL, '127.0.0.1', '2023-05-30 21:12:27', 'POST', 'UserResult(id=1659939726386827265, username=admin, name=admin, phone=13986530157, sex=男, studentId=202115040212, status=1, createTime=2023-05-20T23:10:46, updateTime=2023-05-20T23:10:46, permission=10, permissionName=系统管理员, email=qc2003020401@163.com, avatar=http://10.15.245.1:9090/aistudio/18e956a8440341e3945bfb405953a396.png)', NULL, NULL, '/api/user/info');
INSERT INTO `log` VALUES (1663539961814142978, 1659939726386827265, 'com.qc.printers.controller.UserController.info', NULL, '127.0.0.1', '2023-05-30 21:36:49', 'POST', 'UserResult(id=1659939726386827265, username=admin, name=admin, phone=13986530157, sex=男, studentId=202115040212, status=1, createTime=2023-05-20T23:10:46, updateTime=2023-05-20T23:10:46, permission=10, permissionName=系统管理员, email=qc2003020401@163.com, avatar=http://10.15.245.1:9090/aistudio/18e956a8440341e3945bfb405953a396.png)', NULL, NULL, '/api/user/info');
INSERT INTO `log` VALUES (1663539962569117697, 1659939726386827265, 'com.qc.printers.controller.PrintController.getTodayPrintCount', NULL, '127.0.0.1', '2023-05-30 21:36:49', 'GET', '0', NULL, NULL, '/api/printer/day_print_count');
INSERT INTO `log` VALUES (1663539986271129601, 1659939726386827265, 'com.qc.printers.controller.UserController.info', NULL, '127.0.0.1', '2023-05-30 21:36:54', 'POST', 'UserResult(id=1659939726386827265, username=admin, name=admin, phone=13986530157, sex=男, studentId=202115040212, status=1, createTime=2023-05-20T23:10:46, updateTime=2023-05-20T23:10:46, permission=10, permissionName=系统管理员, email=qc2003020401@163.com, avatar=http://10.15.245.1:9090/aistudio/18e956a8440341e3945bfb405953a396.png)', NULL, NULL, '/api/user/info');
INSERT INTO `log` VALUES (1663540005715922946, 1659939726386827265, 'com.qc.printers.controller.PrintController.getTodayPrintCount', NULL, '127.0.0.1', '2023-05-30 21:36:59', 'GET', '0', NULL, NULL, '/api/printer/day_print_count');
INSERT INTO `log` VALUES (1663541386925395970, 1659939726386827265, 'com.qc.printers.controller.UserController.info', NULL, '127.0.0.1', '2023-05-30 21:42:28', 'POST', 'UserResult(id=1659939726386827265, username=admin, name=admin, phone=13986530157, sex=男, studentId=202115040212, status=1, createTime=2023-05-20T23:10:46, updateTime=2023-05-20T23:10:46, permission=10, permissionName=系统管理员, email=qc2003020401@163.com, avatar=http://10.15.245.1:9090/aistudio/18e956a8440341e3945bfb405953a396.png)', NULL, NULL, '/api/user/info');
INSERT INTO `log` VALUES (1663543179382181889, 1659939726386827265, 'com.qc.printers.controller.UserController.info', NULL, '127.0.0.1', '2023-05-30 21:49:36', 'POST', 'UserResult(id=1659939726386827265, username=admin, name=admin, phone=13986530157, sex=男, studentId=202115040212, status=1, createTime=2023-05-20T23:10:46, updateTime=2023-05-20T23:10:46, permission=10, permissionName=系统管理员, email=qc2003020401@163.com, avatar=http://10.15.245.1:9090/aistudio/18e956a8440341e3945bfb405953a396.png)', NULL, NULL, '/api/user/info');
INSERT INTO `log` VALUES (1663753936145305602, 1659939726386827265, 'com.qc.printers.controller.UserController.info', NULL, '127.0.0.1', '2023-05-31 11:47:04', 'POST', 'UserResult(id=1659939726386827265, username=admin, name=admin, phone=13986530157, sex=男, studentId=202115040212, status=1, createTime=2023-05-20T23:10:46, updateTime=2023-05-20T23:10:46, permission=10, permissionName=系统管理员, email=qc2003020401@163.com, avatar=http://10.15.245.1:9090/aistudio/18e956a8440341e3945bfb405953a396.png)', NULL, NULL, '/api/user/info');
INSERT INTO `log` VALUES (1663753937160327169, 1659939726386827265, 'com.qc.printers.controller.PrintController.getTodayPrintCount', NULL, '127.0.0.1', '2023-05-31 11:47:04', 'GET', '0', NULL, NULL, '/api/printer/day_print_count');
INSERT INTO `log` VALUES (1663757151343562754, 1659939726386827265, 'com.qc.printers.controller.UserController.info', NULL, '127.0.0.1', '2023-05-31 11:59:51', 'POST', 'UserResult(id=1659939726386827265, username=admin, name=admin, phone=13986530157, sex=男, studentId=202115040212, status=1, createTime=2023-05-20T23:10:46, updateTime=2023-05-20T23:10:46, permission=10, permissionName=系统管理员, email=qc2003020401@163.com, avatar=http://10.15.245.1:9090/aistudio/18e956a8440341e3945bfb405953a396.png)', NULL, NULL, '/api/user/info');
INSERT INTO `log` VALUES (1663761644642717697, 1659939726386827265, 'com.qc.printers.controller.UserController.info', NULL, '127.0.0.1', '2023-05-31 12:17:42', 'POST', 'UserResult(id=1659939726386827265, username=admin, name=admin, phone=13986530157, sex=男, studentId=202115040212, status=1, createTime=2023-05-20T23:10:46, updateTime=2023-05-20T23:10:46, permission=10, permissionName=系统管理员, email=qc2003020401@163.com, avatar=http://10.15.245.1:9090/aistudio/18e956a8440341e3945bfb405953a396.png)', NULL, NULL, '/api/user/info');
INSERT INTO `log` VALUES (1663762703947747330, 1659939726386827265, 'com.qc.printers.controller.UserController.info', NULL, '127.0.0.1', '2023-05-31 12:21:54', 'POST', 'UserResult(id=1659939726386827265, username=admin, name=admin, phone=13986530157, sex=男, studentId=202115040212, status=1, createTime=2023-05-20T23:10:46, updateTime=2023-05-20T23:10:46, permission=10, permissionName=系统管理员, email=qc2003020401@163.com, avatar=http://10.15.245.1:9090/aistudio/18e956a8440341e3945bfb405953a396.png)', NULL, NULL, '/api/user/info');
INSERT INTO `log` VALUES (1663765695006593026, 1659939726386827265, 'com.qc.printers.controller.UserController.info', NULL, '127.0.0.1', '2023-05-31 12:33:48', 'POST', 'UserResult(id=1659939726386827265, username=admin, name=admin, phone=13986530157, sex=男, studentId=202115040212, status=1, createTime=2023-05-20T23:10:46, updateTime=2023-05-20T23:10:46, permission=10, permissionName=系统管理员, email=qc2003020401@163.com, avatar=http://10.15.245.1:9090/aistudio/18e956a8440341e3945bfb405953a396.png)', NULL, NULL, '/api/user/info');
INSERT INTO `log` VALUES (1663767337793835009, 1659939726386827265, 'com.qc.printers.controller.UserController.info', NULL, '127.0.0.1', '2023-05-31 12:40:19', 'POST', 'UserResult(id=1659939726386827265, username=admin, name=admin, phone=13986530157, sex=男, studentId=202115040212, status=1, createTime=2023-05-20T23:10:46, updateTime=2023-05-20T23:10:46, permission=10, permissionName=系统管理员, email=qc2003020401@163.com, avatar=http://10.15.245.1:9090/aistudio/18e956a8440341e3945bfb405953a396.png)', NULL, NULL, '/api/user/info');
INSERT INTO `log` VALUES (1663767986581360642, 1659939726386827265, 'com.qc.printers.controller.UserController.info', NULL, '127.0.0.1', '2023-05-31 12:42:54', 'POST', 'UserResult(id=1659939726386827265, username=admin, name=admin, phone=13986530157, sex=男, studentId=202115040212, status=1, createTime=2023-05-20T23:10:46, updateTime=2023-05-20T23:10:46, permission=10, permissionName=系统管理员, email=qc2003020401@163.com, avatar=http://10.15.245.1:9090/aistudio/18e956a8440341e3945bfb405953a396.png)', NULL, NULL, '/api/user/info');
INSERT INTO `log` VALUES (1663768704100945921, 1659939726386827265, 'com.qc.printers.controller.UserController.info', NULL, '127.0.0.1', '2023-05-31 12:45:45', 'POST', 'UserResult(id=1659939726386827265, username=admin, name=admin, phone=13986530157, sex=男, studentId=202115040212, status=1, createTime=2023-05-20T23:10:46, updateTime=2023-05-20T23:10:46, permission=10, permissionName=系统管理员, email=qc2003020401@163.com, avatar=http://10.15.245.1:9090/aistudio/18e956a8440341e3945bfb405953a396.png)', NULL, NULL, '/api/user/info');
INSERT INTO `log` VALUES (1663771486451224578, 1659939726386827265, 'com.qc.printers.controller.UserController.info', NULL, '127.0.0.1', '2023-05-31 12:56:48', 'POST', 'UserResult(id=1659939726386827265, username=admin, name=admin, phone=13986530157, sex=男, studentId=202115040212, status=1, createTime=2023-05-20T23:10:46, updateTime=2023-05-20T23:10:46, permission=10, permissionName=系统管理员, email=qc2003020401@163.com, avatar=http://10.15.245.1:9090/aistudio/18e956a8440341e3945bfb405953a396.png)', NULL, NULL, '/api/user/info');
INSERT INTO `log` VALUES (1663773446797611009, 1659939726386827265, 'com.qc.printers.controller.UserController.info', NULL, '127.0.0.1', '2023-05-31 13:04:36', 'POST', 'UserResult(id=1659939726386827265, username=admin, name=admin, phone=13986530157, sex=男, studentId=202115040212, status=1, createTime=2023-05-20T23:10:46, updateTime=2023-05-20T23:10:46, permission=10, permissionName=系统管理员, email=qc2003020401@163.com, avatar=http://10.15.245.1:9090/aistudio/18e956a8440341e3945bfb405953a396.png)', NULL, NULL, '/api/user/info');
INSERT INTO `log` VALUES (1663773890466893825, 1659939726386827265, 'com.qc.printers.controller.UserController.info', NULL, '127.0.0.1', '2023-05-31 13:06:22', 'POST', 'UserResult(id=1659939726386827265, username=admin, name=admin, phone=13986530157, sex=男, studentId=202115040212, status=1, createTime=2023-05-20T23:10:46, updateTime=2023-05-20T23:10:46, permission=10, permissionName=系统管理员, email=qc2003020401@163.com, avatar=http://10.15.245.1:9090/aistudio/18e956a8440341e3945bfb405953a396.png)', NULL, NULL, '/api/user/info');
INSERT INTO `log` VALUES (1663774261515997185, 1659939726386827265, 'com.qc.printers.controller.UserController.info', NULL, '127.0.0.1', '2023-05-31 13:07:50', 'POST', 'UserResult(id=1659939726386827265, username=admin, name=admin, phone=13986530157, sex=男, studentId=202115040212, status=1, createTime=2023-05-20T23:10:46, updateTime=2023-05-20T23:10:46, permission=10, permissionName=系统管理员, email=qc2003020401@163.com, avatar=http://10.15.245.1:9090/aistudio/18e956a8440341e3945bfb405953a396.png)', NULL, NULL, '/api/user/info');
INSERT INTO `log` VALUES (1663774345360134145, 1659939726386827265, 'com.qc.printers.controller.UserController.info', NULL, '127.0.0.1', '2023-05-31 13:08:10', 'POST', 'UserResult(id=1659939726386827265, username=admin, name=admin, phone=13986530157, sex=男, studentId=202115040212, status=1, createTime=2023-05-20T23:10:46, updateTime=2023-05-20T23:10:46, permission=10, permissionName=系统管理员, email=qc2003020401@163.com, avatar=http://10.15.245.1:9090/aistudio/18e956a8440341e3945bfb405953a396.png)', NULL, NULL, '/api/user/info');
INSERT INTO `log` VALUES (1663774753776291841, 1659939726386827265, 'com.qc.printers.controller.UserController.info', NULL, '127.0.0.1', '2023-05-31 13:09:47', 'POST', 'UserResult(id=1659939726386827265, username=admin, name=admin, phone=13986530157, sex=男, studentId=202115040212, status=1, createTime=2023-05-20T23:10:46, updateTime=2023-05-20T23:10:46, permission=10, permissionName=系统管理员, email=qc2003020401@163.com, avatar=http://10.15.245.1:9090/aistudio/18e956a8440341e3945bfb405953a396.png)', NULL, NULL, '/api/user/info');
INSERT INTO `log` VALUES (1663774840447389697, 1659939726386827265, 'com.qc.printers.controller.UserController.info', NULL, '127.0.0.1', '2023-05-31 13:10:08', 'POST', 'UserResult(id=1659939726386827265, username=admin, name=admin, phone=13986530157, sex=男, studentId=202115040212, status=1, createTime=2023-05-20T23:10:46, updateTime=2023-05-20T23:10:46, permission=10, permissionName=系统管理员, email=qc2003020401@163.com, avatar=http://10.15.245.1:9090/aistudio/18e956a8440341e3945bfb405953a396.png)', NULL, NULL, '/api/user/info');
INSERT INTO `log` VALUES (1663777380937322497, 1659939726386827265, 'com.qc.printers.controller.UserController.info', NULL, '127.0.0.1', '2023-05-31 13:20:14', 'POST', 'UserResult(id=1659939726386827265, username=admin, name=admin, phone=13986530157, sex=男, studentId=202115040212, status=1, createTime=2023-05-20T23:10:46, updateTime=2023-05-20T23:10:46, permission=10, permissionName=系统管理员, email=qc2003020401@163.com, avatar=http://10.15.245.1:9090/aistudio/18e956a8440341e3945bfb405953a396.png)', NULL, NULL, '/api/user/info');
INSERT INTO `log` VALUES (1663779453376483329, 1659939726386827265, 'com.qc.printers.controller.UserController.info', NULL, '127.0.0.1', '2023-05-31 13:28:28', 'POST', 'UserResult(id=1659939726386827265, username=admin, name=admin, phone=13986530157, sex=男, studentId=202115040212, status=1, createTime=2023-05-20T23:10:46, updateTime=2023-05-20T23:10:46, permission=10, permissionName=系统管理员, email=qc2003020401@163.com, avatar=http://10.15.245.1:9090/aistudio/18e956a8440341e3945bfb405953a396.png)', NULL, NULL, '/api/user/info');
INSERT INTO `log` VALUES (1663784735271899138, 1659939726386827265, 'com.qc.printers.controller.UserController.info', NULL, '127.0.0.1', '2023-05-31 13:49:27', 'POST', 'UserResult(id=1659939726386827265, username=admin, name=admin, phone=13986530157, sex=男, studentId=202115040212, status=1, createTime=2023-05-20T23:10:46, updateTime=2023-05-20T23:10:46, permission=10, permissionName=系统管理员, email=qc2003020401@163.com, avatar=http://10.15.245.1:9090/aistudio/18e956a8440341e3945bfb405953a396.png)', NULL, NULL, '/api/user/info');
INSERT INTO `log` VALUES (1663786125629149186, 1659939726386827265, 'com.qc.printers.controller.UserController.info', NULL, '127.0.0.1', '2023-05-31 13:54:59', 'POST', 'UserResult(id=1659939726386827265, username=admin, name=admin, phone=13986530157, sex=男, studentId=202115040212, status=1, createTime=2023-05-20T23:10:46, updateTime=2023-05-20T23:10:46, permission=10, permissionName=系统管理员, email=qc2003020401@163.com, avatar=http://10.15.245.1:9090/aistudio/18e956a8440341e3945bfb405953a396.png)', NULL, NULL, '/api/user/info');
INSERT INTO `log` VALUES (1663786132994347010, 1659939726386827265, 'com.qc.printers.controller.PrintController.getTodayPrintCount', NULL, '127.0.0.1', '2023-05-31 13:55:00', 'GET', '0', NULL, NULL, '/api/printer/day_print_count');
INSERT INTO `log` VALUES (1663786726270259202, 1659939726386827265, 'com.qc.printers.controller.UserController.info', NULL, '127.0.0.1', '2023-05-31 13:57:22', 'POST', 'UserResult(id=1659939726386827265, username=admin, name=admin, phone=13986530157, sex=男, studentId=202115040212, status=1, createTime=2023-05-20T23:10:46, updateTime=2023-05-20T23:10:46, permission=10, permissionName=系统管理员, email=qc2003020401@163.com, avatar=http://10.15.245.1:9090/aistudio/18e956a8440341e3945bfb405953a396.png)', NULL, NULL, '/api/user/info');
INSERT INTO `log` VALUES (1663791587674116097, 1659939726386827265, 'com.qc.printers.controller.UserController.info', NULL, '127.0.0.1', '2023-05-31 14:16:41', 'POST', 'UserResult(id=1659939726386827265, username=admin, name=admin, phone=13986530157, sex=男, studentId=202115040212, status=1, createTime=2023-05-20T23:10:46, updateTime=2023-05-20T23:10:46, permission=10, permissionName=系统管理员, email=qc2003020401@163.com, avatar=http://10.15.245.1:9090/aistudio/18e956a8440341e3945bfb405953a396.png)', NULL, NULL, '/api/user/info');

-- ----------------------------
-- Table structure for permission
-- ----------------------------
DROP TABLE IF EXISTS `permission`;
CREATE TABLE `permission`  (
  `id` int NOT NULL COMMENT '权限id',
  `name` varchar(255) CHARACTER SET utf8mb4 COLLATE utf8mb4_0900_ai_ci NOT NULL COMMENT '权限名',
  `weight` int NOT NULL COMMENT 'v权限权重 越大越好  大的能操作小的',
  PRIMARY KEY (`id`) USING BTREE
) ENGINE = InnoDB CHARACTER SET = utf8mb4 COLLATE = utf8mb4_0900_ai_ci ROW_FORMAT = Dynamic;

-- ----------------------------
-- Records of permission
-- ----------------------------
INSERT INTO `permission` VALUES (1, '管理员', 1000);
INSERT INTO `permission` VALUES (2, '用户', 100);
INSERT INTO `permission` VALUES (3, '演示用户', 1);
INSERT INTO `permission` VALUES (10, '系统管理员', 10000);

-- ----------------------------
-- Table structure for printer
-- ----------------------------
DROP TABLE IF EXISTS `printer`;
CREATE TABLE `printer`  (
  `id` bigint NOT NULL COMMENT '打印记录id',
  `copies` int NULL DEFAULT NULL COMMENT '打印份数',
  `printing_direction` int NULL DEFAULT NULL COMMENT '打印方向',
  `print_big_value` int NULL DEFAULT NULL COMMENT '打印大小',
  `need_print_pages_end_index` int NULL DEFAULT NULL COMMENT '需要解析那些页码',
  `single_document_paper_usage` int NULL DEFAULT NULL COMMENT '单份文件用纸数',
  `content_hash` varchar(1000) CHARACTER SET utf8mb4 COLLATE utf8mb4_0900_ai_ci NOT NULL COMMENT '内容哈希',
  `name` varchar(100) CHARACTER SET utf8mb4 COLLATE utf8mb4_0900_ai_ci NOT NULL COMMENT '文件名称',
  `create_time` datetime NOT NULL COMMENT '打印时间',
  `create_user` bigint NOT NULL COMMENT '打印人id',
  `is_duplex` int NOT NULL COMMENT '是否双面 1为是，0为否',
  `url` varchar(255) CHARACTER SET utf8mb4 COLLATE utf8mb4_0900_ai_ci NULL DEFAULT NULL COMMENT '文件地址',
  `origin_file_pages` int NULL DEFAULT NULL COMMENT '源文件总页数',
  PRIMARY KEY (`id`) USING BTREE
) ENGINE = InnoDB CHARACTER SET = utf8mb4 COLLATE = utf8mb4_0900_ai_ci ROW_FORMAT = DYNAMIC;

-- ----------------------------
-- Records of printer
-- ----------------------------
INSERT INTO `printer` VALUES (1, 1, 1, 1, 1, 1, '1', '1', '2023-05-27 17:13:47', 1, 1, '1', 1);

-- ----------------------------
-- Table structure for quick_navigation_categorize
-- ----------------------------
DROP TABLE IF EXISTS `quick_navigation_categorize`;
CREATE TABLE `quick_navigation_categorize`  (
  `id` bigint NOT NULL COMMENT '分类id',
  `name` varchar(255) CHARACTER SET utf8mb4 COLLATE utf8mb4_0900_ai_ci NOT NULL COMMENT '分类名',
  `is_deleted` int NOT NULL DEFAULT 0,
  PRIMARY KEY (`id`) USING BTREE,
  UNIQUE INDEX `name`(`name` ASC) USING BTREE
) ENGINE = InnoDB CHARACTER SET = utf8mb4 COLLATE = utf8mb4_0900_ai_ci ROW_FORMAT = DYNAMIC;

-- ----------------------------
-- Records of quick_navigation_categorize
-- ----------------------------
INSERT INTO `quick_navigation_categorize` VALUES (1, 'AI部署服务', 0);
INSERT INTO `quick_navigation_categorize` VALUES (2, 'test', 1);
INSERT INTO `quick_navigation_categorize` VALUES (1634540440903991298, 'test2', 1);
INSERT INTO `quick_navigation_categorize` VALUES (1634540460571082754, 'test3', 1);
INSERT INTO `quick_navigation_categorize` VALUES (1634543338207563777, '1231', 1);
INSERT INTO `quick_navigation_categorize` VALUES (1635280391435423745, 'AI内部专属', 0);
INSERT INTO `quick_navigation_categorize` VALUES (1641299327578775554, '中间件', 0);
INSERT INTO `quick_navigation_categorize` VALUES (1649633209945198593, 'jiessie', 1);
INSERT INTO `quick_navigation_categorize` VALUES (1649633940123193346, 'leo', 1);
INSERT INTO `quick_navigation_categorize` VALUES (1649634949247569921, 'abab', 1);
INSERT INTO `quick_navigation_categorize` VALUES (1650847516643127298, '2', 1);

-- ----------------------------
-- Table structure for quick_navigation_item
-- ----------------------------
DROP TABLE IF EXISTS `quick_navigation_item`;
CREATE TABLE `quick_navigation_item`  (
  `id` bigint NOT NULL,
  `name` varchar(255) CHARACTER SET utf8mb4 COLLATE utf8mb4_0900_ai_ci NOT NULL COMMENT 'itemname',
  `path` text CHARACTER SET utf8mb4 COLLATE utf8mb4_0900_ai_ci NULL COMMENT '路径,或md内容',
  `permission` varchar(255) CHARACTER SET utf8mb4 COLLATE utf8mb4_0900_ai_ci NOT NULL COMMENT ',为分隔符,有哪些权限',
  `image` varchar(255) CHARACTER SET utf8mb4 COLLATE utf8mb4_0900_ai_ci NULL DEFAULT NULL COMMENT '图片',
  `introduction` varchar(255) CHARACTER SET utf8mb4 COLLATE utf8mb4_0900_ai_ci NULL DEFAULT NULL COMMENT '介绍',
  `categorize_id` bigint NOT NULL COMMENT '处于哪个分类',
  `is_deleted` int NOT NULL DEFAULT 0 COMMENT '默认没被删除',
  `type` int NOT NULL DEFAULT 0 COMMENT '0为url+md,1为md,1为全md',
  `content` text CHARACTER SET utf8mb4 COLLATE utf8mb4_0900_ai_ci NULL COMMENT 'md内容可为空',
  PRIMARY KEY (`id`) USING BTREE
) ENGINE = InnoDB CHARACTER SET = utf8mb4 COLLATE = utf8mb4_0900_ai_ci ROW_FORMAT = DYNAMIC;

-- ----------------------------
-- Records of quick_navigation_item
-- ----------------------------
INSERT INTO `quick_navigation_item` VALUES (1, 'AI文件服务器', 'http://10.15.245.1', '1,2', 'https://avatars.githubusercontent.com/u/35781395?s=200&v=4', 'AI文件服务器', 1, 0, 0, '[单击跳转](http://192.168.12.12) 或在浏览器输入 192.168.12.12\n# [User权限区]\nusername: ai\npassword: 123456\n\n⌘1⌾# [Admin权限区]\nusername:admin\npassword:aizhineng1404⌾1⌘');
INSERT INTO `quick_navigation_item` VALUES (2, 'AI测试mysql', '', '1,2', 'http://10.15.245.153:9090/aistudio/688513c20582444bacca759d83f78243.png', 'AI测试的mysql', 1, 1, 1, '```python\nprint(\"test\")\nimport os\n```\n# 1231231\n\n## ⌘1⌾aaaa⌾1⌘\n\n# ⌘1⌾加密内容⌾1⌘\n\n⌘1⌾``` python\n12321321321321\n```⌾1⌘');
INSERT INTO `quick_navigation_item` VALUES (1634527655440654338, 'YouTrack项目管理', 'http://10.15.245.1:8082/', '1,2', 'https://avatars.githubusercontent.com/u/35781395?s=200&v=4', 'jetbrains 项目管理系统, 用作AI Studio日常项目管理.', 1, 0, 0, '');
INSERT INTO `quick_navigation_item` VALUES (1634527655440654339, 'YouTrack项目管理', 'http://10.15.245.153:8082/', '1,2', 'https://avatars.githubusercontent.com/u/35781395?s=200&v=4', 'jetbrains 项目管理系统, 用作AI Studio日常项目管理', 1, 1, 0, '');
INSERT INTO `quick_navigation_item` VALUES (1634527655440654340, 'YouTrack项目管理', 'http://10.15.245.153:8082/', '1,2', 'https://avatars.githubusercontent.com/u/35781395?s=200&v=4', 'jetbrains 项目管理系统, 用作AI Studio日常项目管理', 1, 1, 0, '');
INSERT INTO `quick_navigation_item` VALUES (1634532980151422977, 'test', 'test', '1,2', 'https://avatars.githubusercontent.com/u/35781395?s=200&v=4', 'teartfwertewrfwerfwerfwefrwefwegvwsegwegwse', 2, 1, 0, '');
INSERT INTO `quick_navigation_item` VALUES (1634532980151422978, 'test', 'test', '1', 'https://avatars.githubusercontent.com/u/35781395?s=200&v=4', 'teartfwertewrfwerfwerfwefrwefwegvwsegwegwse', 2, 1, 0, '');
INSERT INTO `quick_navigation_item` VALUES (1634543728172867585, 'test', 'test', '1,2', 'http://10.15.247.254/wp-content/themes/WebStack-master/images/favicon.png', '123213', 2, 1, 0, '');
INSERT INTO `quick_navigation_item` VALUES (1634550348975333377, 'Minio', 'http://10.15.245.1:9000/', '1,2', 'http://10.15.245.153:9090/aistudio/37f1421b97df4e69bd7390743e121f91.jpg', 'Minio对象存储', 1641299327578775554, 0, 0, '# Minio服务\n\nip: 192.168.12.12/10.15.245.1\n\nport: 9000(Web端口)\n\nport: 9090(Api端口)\n## [Admin权限区]\n⌘1⌾username: root\npassword: aizhineng\n⌾1⌘');
INSERT INTO `quick_navigation_item` VALUES (1635277859416662017, 'MySQL服务', 'http://10.15.245.1:9000/', '1,2', 'http://10.15.245.153:9090/aistudio/602795c1de494055b11557d5db2eb96d.jpg', 'Mysql服务', 1641299327578775554, 0, 0, '### [服务1-测试服务]\nip: 192.168.12.12 \nport: 3306 \n> 10.15.245.1:3306 (北华校园网访问)\n\nusername: root\npassword: 123456\n\n⌘1⌾### [服务2-正式服务]\nip: 192.168.12.12 \nport: 13306 \n> 10.15.245.1:13306 (北华校园网访问)\n\nusername: root\npassword: aizhineng1404⌾1⌘');
INSERT INTO `quick_navigation_item` VALUES (1635278342998941697, 'Redis服务', '', '1,2', 'http://10.15.245.153:9090/aistudio/1981fe1e76c04a42881a5c02842defe3.jpg', 'Redis服务', 1641299327578775554, 0, 1, '### 服务1\n\nip: 192.168.1.24\n\nport: 6379\n\n### 服务2\n\nip: 192.168.12.12/10.15.245.1\n\nport: 6379');
INSERT INTO `quick_navigation_item` VALUES (1635278657869537282, 'Gitea', 'http://10.15.245.1:3000', '1,2', 'http://10.15.245.153:9090/aistudio/549ae04d702c48f8a1461dc24435a6c5.jpg', 'Gitea服务', 1, 0, 0, '# Gitea服务\n\nip: 192.168.12.12/10.15.245.1\n\nport: 3000\n');
INSERT INTO `quick_navigation_item` VALUES (1635279221844041729, 'Portainer-Docker可视化管理', 'http://10.15.245.1:9001/', '1,2', 'http://10.15.245.153:9090/aistudio/7390833b3bce4b318dec0f00f2ca9ae7.jpg', 'Portainer-Docker可视化管', 1, 0, 0, '\n# Portainer-Docker可视化管理\n\nip: 192.168.12.12/10.15.245.1\n\nport: 9001\n\n⌘1⌾## [Admin区]\nusername: admin\n\npassword: aizhineng1404⌾1⌘');
INSERT INTO `quick_navigation_item` VALUES (1635280778032812033, '服务器网络管理页面', 'https://192.168.12.4/', '1', '', '文件服务器', 1635280391435423745, 0, 0, '⌘1⌾ip:192.168.12.4\nport:80\nusername:lenovo\npassword:len0vO⌾1⌘');
INSERT INTO `quick_navigation_item` VALUES (1635281250152058881, '觅思文档', 'http://10.15.245.153:10086', '1,2', '', '一个好用的markdown文档', 1, 0, 0, 'ip:192.168.12.12\nport:10086\n⌘1⌾username:root\npassword:aizhineng1404⌾1⌘');
INSERT INTO `quick_navigation_item` VALUES (1635281467718995969, '思源笔记', 'http://10.15.245.153:6806', '1,2', '', '一个好用的markdown文档', 1, 0, 0, 'ip:192.168.12.12\nport:6806\n⌘1⌾password:aizhineng1404⌾1⌘');
INSERT INTO `quick_navigation_item` VALUES (1635281753778917378, '北华镜像源', 'http://10.15.245.153:8000', '1,2', '', '北华镜像源', 1, 0, 0, 'ip:192.168.12.12\nport:8000\n⌘1⌾username:ai\npassword:123456⌾1⌘');
INSERT INTO `quick_navigation_item` VALUES (1635636681276547073, 'test', 'test', '1,2', '', 'test', 1635280391435423745, 1, 0, '');
INSERT INTO `quick_navigation_item` VALUES (1641300466009350146, 'RabbitMQ(后台管理)', 'http://10.15.245.1:15672/', '1,2', 'http://10.15.245.153:9090/aistudio/6df079e39620407e8b4ec45bcae01b5e.jpg', 'RabbitMQ服务', 1641299327578775554, 0, 0, '# 后台管理\n[http://10.15.245.1:15672/](http://10.15.245.1:15672)\n## 账密\n⌘1⌾```\n	超级管理员:\n	guest:aizhineng1404\n```⌾1⌘\n# API\n[http://10.15.245.1:5672/](http://10.15.245.1:5672)\n');
INSERT INTO `quick_navigation_item` VALUES (1644329706678095873, 'MongoDB', '', '1,2', '', '111', 1635280391435423745, 0, 1, '\nip: `192.168.12.12`\nport: `27017`\n\n用户名：`admin`\n密码： `123456`');
INSERT INTO `quick_navigation_item` VALUES (1646838071270551554, 'AI监控后台1', 'http://192.168.12.242/', '1,2', 'http://10.15.245.153:9090/aistudio/e5dcc564cee34e6d905c98b3b2b0be14.png', 'AI监控后台1空调方向监控', 1635280391435423745, 0, 0, '# Admin账号[管理员可见]\n⌘1⌾username:admin\npassword:aizhineng1404⌾1⌘\n');
INSERT INTO `quick_navigation_item` VALUES (1646838253177516033, 'AI监控后台2', 'http://192.168.12.243/', '1,2', 'http://10.15.245.153:9090/aistudio/e5dcc564cee34e6d905c98b3b2b0be14.png', 'AI监控后台2空调方向监控', 1635280391435423745, 0, 0, '# Admin账号[管理员可见]\n⌘1⌾username:admin\npassword:aizhineng1404⌾1⌘\n');
INSERT INTO `quick_navigation_item` VALUES (1646844506259828737, 'minio2', 'http://192.168.12.12:9002/', '1,2', 'http://10.15.245.153:9090/aistudio/665a9a7eade04f9ba497a3a83f3b085c.jpg', '这个minio适合放大文件，容量可以当无限', 1641299327578775554, 0, 0, '# 管理密码[admin用户可见]\n⌘1⌾username:root\npassword:aizhineng\n⌾1⌘\n# 说明：\n```\nAPI端口为9092\nweb管理端口为9002\n```');
INSERT INTO `quick_navigation_item` VALUES (1650847622998093825, '33', '12321', '1,2', 'http://10.15.245.153:9090/aistudio/2daac00f58934677b6d7e317badd5225.jpg', '12321', 1641299327578775554, 1, 0, '12312312312312');
INSERT INTO `quick_navigation_item` VALUES (1658417573701111810, '锐捷交换机', 'http://192.168.12.240', '1', '', '服务器那屋的锐捷交换机', 1635280391435423745, 0, 0, '用户名密码\n⌘1⌾\n```\n用户名：admin\n密码：Aizhineng1404\n\n```\n\n⌾1⌘');
INSERT INTO `quick_navigation_item` VALUES (1659940845888507906, '测试', '测试', '1', '', '测试', 1635280391435423745, 0, 1, '测试');

-- ----------------------------
-- Table structure for tr_login
-- ----------------------------
DROP TABLE IF EXISTS `tr_login`;
CREATE TABLE `tr_login`  (
  `id` bigint NOT NULL,
  `tr_id` varchar(255) CHARACTER SET utf8mb4 COLLATE utf8mb4_0900_ai_ci NOT NULL COMMENT '第三方id/openid',
  `user_id` bigint NULL DEFAULT NULL COMMENT '本系统userId',
  `status` int NOT NULL COMMENT '是否完成注册或者绑定已有帐号1,完成',
  `is_deleted` int NOT NULL DEFAULT 0 COMMENT '默认未删除',
  `type` int NOT NULL COMMENT '1:en 2:cas-oauth2.0',
  PRIMARY KEY (`id`) USING BTREE
) ENGINE = InnoDB CHARACTER SET = utf8mb4 COLLATE = utf8mb4_0900_ai_ci ROW_FORMAT = Dynamic;

-- ----------------------------
-- Records of tr_login
-- ----------------------------
INSERT INTO `tr_login` VALUES (1659939726411993089, '4cc9e5f37132451790515d04c6d63bb4', 1659939726386827265, 1, 0, 2);
INSERT INTO `tr_login` VALUES (1659941852246790146, '42405ab997974823bb6b4d78c11765d5', 1659941852221624321, 1, 0, 2);

-- ----------------------------
-- Table structure for user
-- ----------------------------
DROP TABLE IF EXISTS `user`;
CREATE TABLE `user`  (
  `id` bigint NOT NULL COMMENT '用户id',
  `name` varchar(50) CHARACTER SET utf8mb4 COLLATE utf8mb4_0900_ai_ci NOT NULL COMMENT '用户昵称',
  `permission` int NOT NULL COMMENT '权限,10为系统管理员，1为管理员，2为用户，后面数字留给其他权限限制',
  `username` varchar(50) CHARACTER SET utf8mb4 COLLATE utf8mb4_0900_ai_ci NOT NULL COMMENT '用户名',
  `create_time` datetime NOT NULL COMMENT '注册时间',
  `update_time` datetime NOT NULL COMMENT '更新时间',
  `is_deleted` int NOT NULL COMMENT '逻辑删除',
  `sex` varchar(2) CHARACTER SET utf8mb4 COLLATE utf8mb4_0900_ai_ci NOT NULL COMMENT '性别',
  `avatar` varchar(255) CHARACTER SET utf8mb4 COLLATE utf8mb4_0900_ai_ci NULL DEFAULT NULL COMMENT '头像',
  `status` int NOT NULL COMMENT '状态，1为正常，0为封号',
  `phone` varchar(11) CHARACTER SET utf8mb4 COLLATE utf8mb4_0900_ai_ci NULL DEFAULT NULL COMMENT '手机号',
  `student_id` varchar(22) CHARACTER SET utf8mb4 COLLATE utf8mb4_0900_ai_ci NULL DEFAULT NULL COMMENT '学号',
  `email` varchar(255) CHARACTER SET utf8mb4 COLLATE utf8mb4_0900_ai_ci NULL DEFAULT NULL COMMENT '绑定邮箱',
  `password` varchar(255) CHARACTER SET utf8mb4 COLLATE utf8mb4_0900_ai_ci NULL DEFAULT NULL COMMENT '密码',
  `salt` varchar(255) CHARACTER SET utf8mb4 COLLATE utf8mb4_0900_ai_ci NULL DEFAULT NULL COMMENT '盐',
  PRIMARY KEY (`id`) USING BTREE
) ENGINE = InnoDB CHARACTER SET = utf8mb4 COLLATE = utf8mb4_0900_ai_ci ROW_FORMAT = DYNAMIC;

-- ----------------------------
-- Records of user
-- ----------------------------
INSERT INTO `user` VALUES (1659939726386827265, 'admin', 10, 'admin', '2023-05-20 23:10:46', '2023-05-20 23:10:46', 0, '男', '18e956a8440341e3945bfb405953a396.png', 1, '13986530157', '202115040212', 'qc2003020401@163.com', '14a99e17de8b3f02df9f7efec7fe7151', 'xoD.THd4Tijp1eNj');
INSERT INTO `user` VALUES (1659941852221624321, '邱成', 2, 'qc2003', '2023-05-20 23:19:12', '2023-05-20 23:19:12', 0, '男', 'http://10.15.245.1:9090/aistudio/12bcf28f4ffe497994a964889e7925d2.png', 1, '13986530159', NULL, 'qc2003020403@163.com', NULL, NULL);

SET FOREIGN_KEY_CHECKS = 1;
